=== PICKED 80 in stage STRICT ===

=== norm_query: Bọ trĩ có sử dụng được công thức xông hơi mạnh + lưu dẫn không? ===

#01 idx=1318 sim=0.4021 tag_score=3 id=SUPAREP entity=product
    Q: SUPAREP 22.4SC
    reason: PASS: matched must_tags=['mechanisms:luu-dan']
    tags_v2: product:suparep-22-4sc|chemical:spirotetramat|pest:aphid|pest:thrips|brand:bmc|brand:phuc-thinh|mechanisms:luu-dan

#02 idx=1315 sim=0.3842 tag_score=3 id=KOTO entity=product
    Q: KOTO 240SC, BENXANA 240SC, KOTO 240SC GOLD
    reason: PASS: matched must_tags=['mechanisms:luu-dan']
    tags_v2: product:koto-240sc|product:benxana-240sc|product:koto-240sc|product:koto-240sc-gold|chemical:thiacloprid|pest:rep-sap|pest:bo-xit-muoi|crop:hoa|crop:rau|brand:bmc|mechanisms:luu-dan

#03 idx=1308 sim=0.3803 tag_score=3 id=TOSI entity=product
    Q: TOSI 30WG, HASEIDN GOLD
    reason: PASS: matched must_tags=['mechanisms:luu-dan']
    tags_v2: product:tosi|product:tosi-30wg|product:haseidn-gold|chemical:acetamiprid|pest:thrips|crop:rau|brand:bmc|brand:phuc-thinh|brand:agrishop|mechanisms:luu-dan

#04 idx=433 sim=0.3797 tag_score=3 id=sau_hai_05_ray_chong_canh_04__000174 entity=product
    Q: Xử lý Rầy xanh; rầy chổng cánh; rầy phấn; rầy mềm, bọ phấn khi mật độ bình thường như thế nào?
    reason: PASS: matched must_tags=['mechanisms:luu-dan']
    tags_v2: process:fumigation|mechanisms:luu-dan|pest:ray-xanh|formula:cong-thuc-ray-xanh|formula:cong-thuc-ray-chong-canh|formula:cong-thuc-ray-phan|formula:cong-thuc-ray-mem|formula:cong-thuc-bo-phan-trang|formula:cong-thuc-bo-xit

#05 idx=327 sim=0.3767 tag_score=3 id=koto_240sc_th_ng_nh_n_m_chunk_01 entity=product
    Q: Thuốc BVTV Koto 240SC thường (Nhân Mã) có thành phần và công dụng chính là gì?
    reason: PASS: matched must_tags=['mechanisms:luu-dan']
    tags_v2: product:koto-240sc|chemical:thiacloprid|pest:leaf-folder|pest:stem-borer|pest:ray-nau|mechanisms:luu-dan

#06 idx=113 sim=0.3750 tag_score=3 id=nofara_35wg_vua_tr_chunk_01 entity=product
    Q: Nofara 35WG (Vua Trĩ) là thuốc bảo vệ thực vật có thành phần và công dụng như thế nào?
    reason: PASS: matched must_tags=['mechanisms:luu-dan']
    tags_v2: product:nofara-35wg|chemical:thiamethoxam|pest:thrips|pest:ray-nau|mechanisms:luu-dan

#07 idx=305 sim=0.3536 tag_score=3 id=oscare_600wg_ram_th_i_chunk_01 entity=product
    Q: Oscare 600WG (Ram Thái) là thuốc bảo vệ thực vật có thành phần hoạt chất nào và công dụng ra sao?
    reason: PASS: matched must_tags=['mechanisms:luu-dan']
    tags_v2: product:oscare-600wg|chemical:pymetrozine|pest:thrips|pest:whitefly|pest:aphid|brand:phuc-thinh|mechanisms:luu-dan

#08 idx=117 sim=0.3507 tag_score=3 id=suparep_22_4sc_chunk_01 entity=product
    Q: Suparep 22.4SC là thuốc bảo vệ thực vật có thành phần gì và công dụng ra sao?
    reason: PASS: matched must_tags=['mechanisms:luu-dan']
    tags_v2: product:suparep-22-4sc|chemical:spirotetramat|pest:aphid|pest:thrips|pest:mite|mechanisms:luu-dan

#09 idx=325 sim=0.3504 tag_score=3 id=inmanda_100wp_si_u_imida_100wp_super_chunk_01 entity=product
    Q: Sản phẩm Inmanda 100WP (Siêu Imida 100WP Super) là thuốc bảo vệ thực vật có đặc điểm gì nổi bật?
    reason: PASS: matched must_tags=['mechanisms:luu-dan']
    tags_v2: product:inmanda-100wp|chemical:imidacloprid|pest:aphid|pest:whitefly|pest:thrips|mechanisms:luu-dan

#10 idx=106 sim=0.3452 tag_score=3 id=oscare_100wp_tr_m_ch_ch_h_t_tr_chunk_02 entity=product
    Q: Oscare 100WP dùng để phòng trừ sâu bệnh trên những cây trồng nào?
    reason: PASS: matched must_tags=['mechanisms:luu-dan']
    tags_v2: product:oscare-100wp|chemical:pymetrozine|pest:ray-nau|pest:ray-lung-trang|pest:bo-xit|mechanisms:luu-dan

#11 idx=114 sim=0.3427 tag_score=3 id=nofara_35wg_vua_tr_chunk_02 entity=product
    Q: Sản phẩm Nofara 35WG (Vua Trĩ) có những lưu ý quan trọng khi sử dụng không?
    reason: PASS: matched must_tags=['mechanisms:luu-dan']
    tags_v2: product:nofara-35wg|chemical:thiamethoxam|action:application|process:pre-harvest-interval|crop:general-crops|mechanisms:luu-dan

#12 idx=400 sim=0.3375 tag_score=3 id=nh_m_ch_ch_h_t_chunk_01__000045 entity=product
    Q: Phác đồ phối hợp thuốc phòng trừ nhóm sâu chích hút là gì?
    reason: PASS: matched must_tags=['mechanisms:luu-dan']
    tags_v2: process:chemical-combination|mechanisms:luu-dan|pest:sucking-insects|product:suparep|product:ecudor

#13 idx=115 sim=0.3347 tag_score=3 id=nofara_35wg_rec_chunk_01 entity=product
    Q: Nofara 35WG (Recxona 35WG) là thuốc bảo vệ thực vật có thành phần và công dụng như thế nào?
    reason: PASS: matched must_tags=['mechanisms:luu-dan']
    tags_v2: product:nofara-35wg|product:Recxona-35WG|chemical:thiamethoxam|pest:thrips|pest:ray-nau|mechanisms:luu-dan

#14 idx=105 sim=0.3326 tag_score=3 id=oscare_100wp_tr_m_ch_ch_h_t_tr_chunk_01 entity=product
    Q: Oscare 100WP là thuốc bảo vệ thực vật có thành phần hoạt chất gì và công dụng ra sao?
    reason: PASS: matched must_tags=['mechanisms:luu-dan']
    tags_v2: product:oscare-100wp|chemical:pymetrozine|pest:ray-nau|pest:white-backed-planthopper|pest:aphid|mechanisms:luu-dan

#15 idx=307 sim=0.3291 tag_score=3 id=tosi_30wg_di_t_ch_ch_h_t_chunk_01 entity=product
    Q: Sản phẩm Tosi 30WG là thuốc bảo vệ thực vật có thành phần và công dụng như thế nào?
    reason: PASS: matched must_tags=['mechanisms:luu-dan']
    tags_v2: product:tosi-30wg|chemical:acetamiprid|pest:rice-brown-planthopper|pest:thrips|pest:ca-phe|brand:phuc-thinh|mechanisms:luu-dan

#16 idx=440 sim=0.2941 tag_score=3 id=sau_hai_05_rep_sap_12__000181 entity=product
    Q: Xử lý Rệp sáp; rệp vảy  như thế nào?
    reason: PASS: matched must_tags=['mechanisms:luu-dan']
    tags_v2: action:xu-ly|mechanisms:luu-dan|pest:rep-sap|pest:rep-vay|disease:rep-sap|disease:rep-vay|product:suparep|formula:cong-thuc-rep-sap|formula:cong-thuc-rep-vay

#17 idx=449 sim=0.5118 tag_score=0 id=sau_hai_07_bo_nhay__000190 entity=product
    Q: Xử lý Bọ nhảy như thế nào?
    reason: FAIL: none of must_tags matched (need one of ['mechanisms:luu-dan'])
    tags_v2: process:pest-control|action:apply-chemical|pest:bo-nhay|formula:cong-thuc-bo-nhay|product:binhtox-gold|product:kajio-5ec|product:tomi|additive:chat-bam-dinh

#18 idx=431 sim=0.4823 tag_score=0 id=sau_hai_05_ray_lung_trang_02__000172 entity=product
    Q: Xử lý Rầy nâu; rầy lưng trắng - Rất hay kháng thuốc khi mật độ cao như thế nào?
    reason: FAIL: none of must_tags matched (need one of ['mechanisms:luu-dan'])
    tags_v2: process:pest-control|mechanisms:luu-dan-manh|object:exami|object:binhfos|pest:ray-nau|pest:ray-lung-trang|formula:cong-thuc-ray-nau|formula:cong-thuc-ray-lung-trang

#19 idx=444 sim=0.4787 tag_score=0 id=sau_hai_05_tri_15__000185 entity=product
    Q: Xử lý Trĩ - Rất hay kháng thuốc  như thế nào?
    reason: FAIL: none of must_tags matched (need one of ['mechanisms:luu-dan'])
    tags_v2: process:pesticide-application|pest:bo-tri|formula:cong-thuc-bo-tri|product:zigen-super|product:nofara|mechanisms:tiep-xuc-luu-dan-manh

#20 idx=1305 sim=0.4603 tag_score=0 id=trum_chich_hut entity=product
    Q: TRÙM CHÍCH HÚT - TRĨ
    reason: FAIL: none of must_tags matched (need one of ['mechanisms:luu-dan'])
    tags_v2: product:trum-chich-hut-tri|chemical:pymetrozine|pest:thrips|pest:aphids|crop:cay-an-qua|brand:delta

#21 idx=443 sim=0.4554 tag_score=0 id=sau_hai_05_tri_14__000184 entity=product
    Q: Xử lý Trĩ - Rất hay kháng thuốc khi mật độ cao như thế nào?
    reason: FAIL: none of must_tags matched (need one of ['mechanisms:luu-dan'])
    tags_v2: process:contact-systemic-action|action:control|object:pesticide|pest:bo-tri|formula:cong-thuc-bo-tri|product:oxatin|mechanisms:tiep-xuc-luu-dan-manh

#22 idx=1366 sim=0.4467 tag_score=0 id=Xiexie entity=product
    Q: Xiexie 200WP ANH HÙNG KHUẨN
    reason: FAIL: none of must_tags matched (need one of ['mechanisms:luu-dan'])
    tags_v2: product:xiexie-200wp-anh-hung-khuan|chemical:bismerthiazol|pest:bacterial-diseases|disease:bacterial-blight|disease:bacterial-spot|crop:lua|brand:agrishop

#23 idx=538 sim=0.4456 tag_score=0 id=postharvest_fungicide_chunk_02 entity=disease
    Q: Vai trò của thuốc trừ nấm sau thu hoạch đối với cam quýt là gì?
    reason: FAIL: none of must_tags matched (need one of ['mechanisms:luu-dan'])
    tags_v2: disease:moc-xanh|disease:moc-xanh-lam|disease:thoi-chua|crop:cam-quyt

#24 idx=461 sim=0.4452 tag_score=0 id=sau_hai_05_sung_32__000200 entity=product
    Q: Xử lý Sùng; bọ hà như thế nào?
    reason: FAIL: none of must_tags matched (need one of ['mechanisms:luu-dan'])
    tags_v2: process:fumigation|action:apply|object:granular-formulation|pest:bo-ha|formula:cong-thuc-sung|formula:cong-thuc-bo-ha

#25 idx=1010 sim=0.4451 tag_score=0 id=fungicide_usage_chunk_01__000478 entity=disease
    Q: Thuốc trừ nấm thường được sử dụng như thế nào trong phòng trừ bệnh trên cây?
    reason: FAIL: none of must_tags matched (need one of ['mechanisms:luu-dan'])
    tags_v2: action:phun|action:xu-ly-hat-giong|action:tuoi-dat|disease:benh-tren-la

#26 idx=591 sim=0.4449 tag_score=0 id=rose_anthra_chunk_06 entity=disease
    Q: Thuốc trừ nấm cho bệnh thán thư trên hoa hồng có giống với thuốc trị CLS và đốm đen không?
    reason: FAIL: none of must_tags matched (need one of ['mechanisms:luu-dan'])
    tags_v2: disease:than-thu|disease:cls|disease:dot-den|crop:hoa-hong

#27 idx=1302 sim=0.4437 tag_score=0 id=BINHFOS_gr entity=product
    Q: VUA SÂU, VUA RỆP - SÂU - RẦY, ANH HÙNG SÂU, TRÙM SÂU
    reason: FAIL: none of must_tags matched (need one of ['mechanisms:luu-dan'])
    tags_v2: product:vua-sau|product:vua-rep-sau-ray|product:anh-hung-sau|product:trum-sau|product:binhfos-50ec|chemical:profenofos|pest:nhen|pest:bo-tri|mechanisms:xong-hoi-manh|pest:ray-nau|brand:delta

#28 idx=1354 sim=0.4427 tag_score=0 id=GONE_SUPER entity=product
    Q: GONE SUPER 350EC, TEEN SUPER 350EC
    reason: FAIL: none of must_tags matched (need one of ['mechanisms:luu-dan'])
    tags_v2: product:gone-super|product:gone-super-350ec|product:teen-super-350ec|chemical:difenoconazole|chemical:propiconazole|chemical:tebuconazole|pest:dom-den|pest:ri-sat|brand:bmc|brand:phuc-thinh|brand:agrishop

#29 idx=430 sim=0.4403 tag_score=0 id=sau_hai_05_ray_lung_trang_01__000171 entity=product
    Q: Xử lý Rầy nâu; rầy lưng trắng - Rất hay kháng thuốc khi mật độ bình thường hoặc cao như thế nào?
    reason: FAIL: none of must_tags matched (need one of ['mechanisms:luu-dan'])
    tags_v2: action:xu-ly|mechanisms:luu-dan-manh|pest:ray-nau|pest:ray-lung-trang|formula:cong-thuc-ray-nau|formula:cong-thuc-ray-lung-trang

#30 idx=476 sim=0.4389 tag_score=0 id=combo_truyen_thong_mua_ngap_chunk_01__000223 entity=product
    Q: Combo truyền thống phòng trừ nấm bệnh trong điều kiện mưa nhiều ngập lụt là gì?
    reason: FAIL: none of must_tags matched (need one of ['mechanisms:luu-dan'])
    tags_v2: process:disease-control|action:root-irrigation|action:foliar-spray|disease:fungal-disease|product:forzate-20ec

#31 idx=53 sim=0.4376 tag_score=0 id=kenbast_15sl_b_r_ng_chunk_01 entity=product
    Q: Bò rừng có thành phần và công dụng chính là gì?
    reason: FAIL: none of must_tags matched (need one of ['mechanisms:luu-dan'])
    tags_v2: product:bo-rung|chemical:glufosinate-ammonium|pest:weeds|pest:weeds|action:herbicide-application|mechanisms:khong-chon-loc

#32 idx=1006 sim=0.4375 tag_score=0 id=disease_resistance_chunk_01__000472 entity=disease
    Q: Sử dụng giống kháng bệnh là biện pháp phòng trừ bệnh hiệu quả.
    reason: FAIL: none of must_tags matched (need one of ['mechanisms:luu-dan'])
    tags_v2: process:disease-prevention|action:use-resistant-varieties

#33 idx=1337 sim=0.4374 tag_score=0 id=Trinong entity=product
    Q: Trinong 50WP
    reason: FAIL: none of must_tags matched (need one of ['mechanisms:luu-dan'])
    tags_v2: product:trinong-50wp|chemical:prochloraz-manganese-complex|pest:fungal-disease|disease:blast|disease:leaf-spot|brand:bmc|brand:phuc-thinh

#34 idx=1377 sim=0.4369 tag_score=0 id=Dolping entity=product
    Q: Dolping 40EC TĂNG SINH trưởng
    reason: FAIL: none of must_tags matched (need one of ['mechanisms:luu-dan'])
    tags_v2: product:dolping-40ec|chemical:gibberellic-acid|pest:tang-sinh-truong|pest:bo-xit|crop:bap-cai|crop:ca-chua|brand:delta

#35 idx=1376 sim=0.4363 tag_score=0 id=ATOMIN entity=product
    Q: ATOMIN 15WP, BONGRA SAI 150
    reason: FAIL: none of must_tags matched (need one of ['mechanisms:luu-dan'])
    tags_v2: product:atomin|product:atomin-15wp|product:bong-ra-sai-150|chemical:Paclobutrazol|crop:lua|crop:peanut|crop:durian|brand:bmc|brand:phuc-thinh|brand:agrishop

#36 idx=574 sim=0.4356 tag_score=0 id=rose_blackspot_chunk_06 entity=disease
    Q: Khi nào cần sử dụng thuốc trừ nấm для bệnh đốm đen hoa hồng?
    reason: FAIL: none of must_tags matched (need one of ['mechanisms:luu-dan'])
    tags_v2: disease:black-spot-rose|crop:rose|action:apply|process:prevention

#37 idx=1293 sim=0.4349 tag_score=0 id=BINHTOX entity=product
    Q: BINHTOX 3.8EC GOLD
    reason: FAIL: none of must_tags matched (need one of ['mechanisms:luu-dan'])
    tags_v2: product:binhtox-3-8ec-gold|chemical:abamectin|pest:sau-to|pest:bo-nhay|brand:delta|mechanisms:tiep-xuc

#38 idx=87 sim=0.4348 tag_score=0 id=binhfos_50ec_anh_h_ng_s_u_chunk_01 entity=product
    Q: Thuốc Binhfos 50EC (Anh Hùng Sâu) có thành phần và công dụng chính là gì?
    reason: FAIL: none of must_tags matched (need one of ['mechanisms:luu-dan'])
    tags_v2: product:binhfos-anh-hung-sau|chemical:profenofos|pest:leaf-eating-caterpillar|pest:thrips|pest:aphid|mechanisms:xong-hoi-manh

#39 idx=609 sim=0.4344 tag_score=0 id=rose_canker_chunk_06 entity=disease
    Q: Vì sao thuốc trừ nấm không hiệu quả trong việc xử lý bệnh loét thân trên hoa hồng?
    reason: FAIL: none of must_tags matched (need one of ['mechanisms:luu-dan'])
    tags_v2: disease:loet-than-hoa-hong|action:cat-bo-canh-bi-loet|process:nhiem-nam-sau-mo-than

#40 idx=1340 sim=0.4339 tag_score=0 id=HoangANHVIL entity=product
    Q: HoangANHVIL 50SC
    reason: FAIL: none of must_tags matched (need one of ['mechanisms:luu-dan'])
    tags_v2: product:hoanganhvil-50sc|chemical:hexaconazole|disease:fungal-infections|crop:lua|brand:bmc|brand:phuc-thinh

#41 idx=463 sim=0.4332 tag_score=0 id=sau_hai_05_sung_34__000202 entity=product
    Q: Xử lý Sùng; bọ hà như thế nào?
    reason: FAIL: none of must_tags matched (need one of ['mechanisms:luu-dan'])
    tags_v2: process:pest-control|action:apply-chemical|crop:khoai-lang|pest:bo-ha|formula:cong-thuc-sung|formula:cong-thuc-bo-ha

#42 idx=707 sim=0.4331 tag_score=0 id=IC_Top_Co_Che_Tac_Dung_6 entity=procedure
    Q: Tại sao không nên sử dụng mãi một loại thuốc khử khuẩn có nguy cơ kháng thuốc cao?
    reason: FAIL: none of must_tags matched (need one of ['mechanisms:luu-dan'])
    tags_v2: process:drug-rotation|action:disinfection|object:disinfectant|process:resistance-management|action:combination-therapy

#43 idx=1288 sim=0.4323 tag_score=0 id=sha_chong_jing entity=product
    Q: SHA CHONG JING 95WP
    reason: FAIL: none of must_tags matched (need one of ['mechanisms:luu-dan'])
    tags_v2: product:sha-chong-jing-95wp|chemical:thiosultap-sodium|chemical:monosultap|pest:leaf-folder|pest:stem-borer|brand:agrishop

#44 idx=1386 sim=0.4312 tag_score=0 id=oc_ly_tieu_long entity=product
    Q: ỐC LÝ TIỂU LONG 18GR
    reason: FAIL: none of must_tags matched (need one of ['mechanisms:luu-dan'])
    tags_v2: product:oc-ly-tieu-long-18gr|chemical:metaldehyde|pest:oc-sen|pest:slug|crop:lua|brand:bmc|brand:phuc-thinh

#45 idx=454 sim=0.4306 tag_score=0 id=sau_hai_05_sau_cuon_la_25__000193 entity=product
    Q: Xử lý Sâu cuốn lá; sâu đục thân/ lúa - Rất hay kháng thuốc khi mật độ cao như thế nào?
    reason: FAIL: none of must_tags matched (need one of ['mechanisms:luu-dan'])
    tags_v2: process:fumigation|action:heat-treatment|object:steam|crop:lua|disease:stem-borer|pest:sau-duc-than|pest:sau-cuon-la|formula:cong-thuc-sau-cuon-la|formula:cong-thuc-sau-duc-than

#46 idx=95 sim=0.4306 tag_score=0 id=exami_20wg_l_ti_u_long_chunk_01 entity=product
    Q: Exami 20WG (Lý Tiểu Long) là thuốc bảo vệ thực vật có thành phần và công dụng như thế nào?
    reason: FAIL: none of must_tags matched (need one of ['mechanisms:luu-dan'])
    tags_v2: product:exami-20wg-ly-tieu-long|chemical:flonicamid|pest:whitefly|pest:aphid|pest:thrips|mechanisms:luu-dan-manh

#47 idx=1325 sim=0.4303 tag_score=0 id=Buti entity=product
    Q: Buti 43SC Anh Hùng Nhện
    reason: FAIL: none of must_tags matched (need one of ['mechanisms:luu-dan'])
    tags_v2: product:Buti-43sc-anh-hung-nhen|chemical:bifenazate|pest:nhen|pest:white-spider-mite|brand:delta

#48 idx=130 sim=0.4302 tag_score=0 id=buti_43sc_anh_h_ng_nh_n_chunk_02 entity=product
    Q: Hướng dẫn cách sử dụng và lưu ý khi dùng thuốc Buti 43SC (Anh Hùng Nhện) như thế nào?
    reason: FAIL: none of must_tags matched (need one of ['mechanisms:luu-dan'])
    tags_v2: product:buti-43sc|chemical:bifenazate|pest:nhen|crop:hoa-hong|crop:cam|crop:chanh

#49 idx=1307 sim=0.4298 tag_score=0 id=RECXONA entity=product
    Q: RECXONA 35WG, VUA TRĨ
    reason: FAIL: none of must_tags matched (need one of ['mechanisms:luu-dan'])
    tags_v2: product:recxona-350SC|product:vua-tri|product:nofara-350sc|chemical:thiamethoxam|pest:leaf-eating-insects|pest:sucking-insects|brand:delta

#50 idx=462 sim=0.4296 tag_score=0 id=sau_hai_05_sung_33__000201 entity=product
    Q: Xử lý Sùng; bọ hà như thế nào?
    reason: FAIL: none of must_tags matched (need one of ['mechanisms:luu-dan'])
    tags_v2: process:fumigation|action:watering|object:water|pest:bo-ha|formula:cong-thuc-sung|formula:cong-thuc-bo-ha

#51 idx=1347 sim=0.4287 tag_score=0 id=IC-TOP entity=product
    Q: IC-TOP 28.1SC BOÓCDOR
    reason: FAIL: none of must_tags matched (need one of ['mechanisms:luu-dan'])
    tags_v2: product:ic-top-28-1sc-boocdor|chemical:copper|chemical:lime|pest:bo-phan|pest:ray-mem|crop:rau|brand:bmc|pest:nut-than

#52 idx=993 sim=0.4286 tag_score=0 id=disease_management_chunk_07__000452 entity=disease
    Q: Thuốc trừ nấm được sử dụng như thế nào trong quản lý bệnh hại tổng hợp?
    reason: FAIL: none of must_tags matched (need one of ['mechanisms:luu-dan'])
    tags_v2: process:disease-control|process:integrated-pest-management|action:apply-fungicide

#53 idx=111 sim=0.4278 tag_score=0 id=binhtox_3_8ec_b_o_en_n_c_trong_n_c_c_chunk_01 entity=product
    Q: Thuốc BVTV Binhtox 3.8EC có thành phần và công dụng chính là gì?
    reason: FAIL: none of must_tags matched (need one of ['mechanisms:luu-dan'])
    tags_v2: product:binhtox-3-8ec|chemical:abamectin|crop:bap-cai|crop:dau-nanh|crop:pak-choi|mechanisms:tiep-xuc

#54 idx=1268 sim=0.4269 tag_score=0 id=vua_co_ngo entity=product
    Q: Vua Cỏ Ngô
    reason: FAIL: none of must_tags matched (need one of ['mechanisms:luu-dan'])
    tags_v2: product:vua-co-ngo|chemical:tembotrione|pest:weeds|crop:bap|brand:delta

#55 idx=448 sim=0.4254 tag_score=0 id=sau_hai_06_sau_hanh__000189 entity=product
    Q: Xử lý Sâu hành (rất kháng) như thế nào?
    reason: FAIL: none of must_tags matched (need one of ['mechanisms:luu-dan'])
    tags_v2: process:pest-control|mechanisms:tiep-xuc|pest:sau-hanh|formula:cong-thuc-sau-hanh|product:binhtox-gold|product:kajio-5ec|product:tomi|additive:chat-bam-dinh

#56 idx=668 sim=0.4247 tag_score=0 id=bd_formula2_chunk_01 entity=procedure
    Q: Vì sao vôi có vai trò quan trọng trong công thức dung dịch Bordeaux?
    reason: FAIL: none of must_tags matched (need one of ['mechanisms:luu-dan'])
    tags_v2: process:solution-preparation|action:combine|object:lime|object:coppe|chemical:lime

#57 idx=427 sim=0.4246 tag_score=0 id=c_chunk_01__000158 entity=product
    Q: Phác đồ phòng trừ ốc bao gồm những thuốc nào và cách sử dụng ra sao?
    reason: FAIL: none of must_tags matched (need one of ['mechanisms:luu-dan'])
    tags_v2: action:spraying|action:applying|pest:oc-sen|chemical:abamectin|product:abinsec

#58 idx=572 sim=0.4241 tag_score=0 id=rose_blackspot_chunk_04 entity=disease
    Q: Biện pháp canh tác nào giúp hạn chế bệnh đốm đen trên hoa hồng?
    reason: FAIL: none of must_tags matched (need one of ['mechanisms:luu-dan'])
    tags_v2: disease:dot-den-tren-hoa-hong|crop:hoa-hong|action:ve-sinh-tan-du-la-rung|action:tia-canh-tao-thong-thoang|action:tuoi-nuoc-hop-ly

#59 idx=129 sim=0.4240 tag_score=0 id=buti_43sc_anh_h_ng_nh_n_chunk_01 entity=product
    Q: Buti 43SC (Anh Hùng Nhện) là thuốc BVTV có thành phần gì và công dụng ra sao?
    reason: FAIL: none of must_tags matched (need one of ['mechanisms:luu-dan'])
    tags_v2: product:buti-43sc|chemical:bifenazate|pest:nhen|pest:white-spider-mite|crop:rose

#60 idx=446 sim=0.4240 tag_score=0 id=sau_hai_05_sau_to_18__000187 entity=product
    Q: Xử lý Sâu tơ như thế nào?
    reason: FAIL: none of must_tags matched (need one of ['mechanisms:luu-dan'])
    tags_v2: process:pest-control|action:apply-chemical|object:steam-fumigation|pest:sau-to|formula:cong-thuc-sau-to|product:binhtox-gold|product:oxatin

#61 idx=13 sim=0.4235 tag_score=0 id=quy_trinh_nuoi_trai_sau_rieng_06 entity=procedure
    Q: Giai đoạn trái sầu riêng từ 1,5kg đến trên 2,5kg cần bón phân và phun thuốc như thế nào?
    reason: FAIL: none of must_tags matched (need one of ['mechanisms:luu-dan'])
    tags_v2: crop:durian|chemical:kalibo|chemical:k2so4

#62 idx=1369 sim=0.4234 tag_score=0 id=NAKANO entity=product
    Q: NAKANO 50WP
    reason: FAIL: none of must_tags matched (need one of ['mechanisms:luu-dan'])
    tags_v2: product:nakano-50wp|chemical:dithianon|pest:ghe-seo|pest:suong-mai|pest:than-thu|brand:agrishop

#63 idx=1338 sim=0.4227 tag_score=0 id=BMC_SULFUR entity=product
    Q: BMC sulfur 80WG, Komulunx 80WG, SOCCARB 80WG
    reason: FAIL: none of must_tags matched (need one of ['mechanisms:luu-dan'])
    tags_v2: product:sulfur|product:bmc-sulfur-80wg|product:komulunx-80wg|product:soccarb-80wg|chemical:sulfur|brand:bmc|brand:phuc-thinh|brand:delta

#64 idx=720 sim=0.4223 tag_score=0 id=ic_use_chunk_02 entity=procedure
    Q: Vò trộn đúng kỹ thuật giúp IC Top bám dính lên cây trồng như thế nào?
    reason: FAIL: none of must_tags matched (need one of ['mechanisms:luu-dan'])
    tags_v2: process:mixing|action:activating|object:ic-top

#65 idx=236 sim=0.4222 tag_score=0 id=atomin_15wp_b_ngra_sai_chunk_02 entity=product
    Q: Atomin 15WP dùng cho những loại cây trồng nào và có tác dụng gì?
    reason: FAIL: none of must_tags matched (need one of ['mechanisms:luu-dan'])
    tags_v2: product:atomin-15wp|chemical:paclobutrazol|crop:xoai|crop:durian|crop:lua|crop:bap

#66 idx=445 sim=0.4208 tag_score=0 id=sau_hai_05_tri_16__000186 entity=product
    Q: Xử lý Trĩ - Rất hay kháng thuốc  như thế nào?
    reason: FAIL: none of must_tags matched (need one of ['mechanisms:luu-dan'])
    tags_v2: action:ket-hop|process:tru-toan-bo-trung|object:lekima|pest:bo-tri|formula:cong-thuc-bo-tri

#67 idx=1383 sim=0.4205 tag_score=0 id=bam_dinh_bmc entity=product
    Q: BÁM DÍNH BMC
    reason: FAIL: none of must_tags matched (need one of ['mechanisms:luu-dan'])
    tags_v2: product:bam-dinh-bmc|chemical:c10-alcohol-ethoxylate|action:bam-dinh|crop:lua

#68 idx=1356 sim=0.4183 tag_score=0 id=DOWNY entity=product
    Q: DOWNY 650WP, ĐÙM XPRO 650WP
    reason: FAIL: none of must_tags matched (need one of ['mechanisms:luu-dan'])
    tags_v2: product:downy|product:downy-650wp|product:dum-xpro-650wp|chemical:isoprothiolane|chemical:tricyclazole|disease:rice-blast|crop:lua|brand:bmc|brand:phuc-thinh|brand:agrishop

#69 idx=51 sim=0.4183 tag_score=0 id=kenbast_15sl_tr_u_v_ng_chunk_01 entity=product
    Q: Trâu Vàng có thành phần và công dụng chính là gì?
    reason: FAIL: none of must_tags matched (need one of ['mechanisms:luu-dan'])
    tags_v2: product:trau-vang|chemical:glufosinate-ammonium|pest:weeds|pest:co-la-rong|pest:narrowleaf-weed|mechanisms:khong-chon-loc

#70 idx=11 sim=0.4181 tag_score=0 id=quy_trinh_nuoi_trai_sau_rieng_04 entity=procedure
    Q: Đốt đọt sầu riêng trong giai đoạn nuôi trái thực hiện như thế nào và các tình huống xử lý?
    reason: FAIL: none of must_tags matched (need one of ['mechanisms:luu-dan'])
    tags_v2: crop:durian|chemical:ethephon|chemical:azol-450sc

#71 idx=179 sim=0.4174 tag_score=0 id=binhtox_3_8ec_gold_chunk_01 entity=product
    Q: Thuốc BVTV Binhtox 3.8EC Gold có thành phần và công dụng chính là gì?
    reason: FAIL: none of must_tags matched (need one of ['mechanisms:luu-dan'])
    tags_v2: product:binhtox-3-8ec-gold|chemical:abamectin|pest:sau-to|pest:sau-hanh|crop:bap-cai|mechanisms:tiep-xuc

#72 idx=876 sim=0.4170 tag_score=0 id=fungal_isolation_chunk_01__000243 entity=disease
    Q: Phương pháp phân lập nấm gây thối rễ, thân và lá có cần tuân thủ chính xác không?
    reason: FAIL: none of must_tags matched (need one of ['mechanisms:luu-dan'])
    tags_v2: disease:root-rot|disease:stem-rot|disease:leaf-rot|process:fungal-isolation|action:adjust-methods

#73 idx=369 sim=0.4158 tag_score=0 id=trinong_50wp_carbendazim_chunk_01 entity=product
    Q: Trinong 50WP là thuốc bảo vệ thực vật có thành phần và công dụng như thế nào?
    reason: FAIL: none of must_tags matched (need one of ['mechanisms:luu-dan'])
    tags_v2: product:trinong-50wp|chemical:prochloraz-manganesse-complex|disease:blast|disease:leaf-spot|disease:anthracnose|disease:powdery-mildew|disease:nhom-a|disease:nhom-b

#74 idx=1313 sim=0.4154 tag_score=0 id=EXAMI entity=product
    Q: EXAMI 20WG
    reason: FAIL: none of must_tags matched (need one of ['mechanisms:luu-dan'])
    tags_v2: product:exami-20wg|chemical:flonicamid|pest:bo-nhay|pest:nhen|crop:cay-an-qua|brand:delta|mechanisms:luu-dan-manh

#75 idx=54 sim=0.4152 tag_score=0 id=kenbast_15sl_b_r_ng_chunk_02 entity=product
    Q: Bò Rừng (Bò rừng) có đặc điểm nổi bật và cách sử dụng như thế nào?
    reason: FAIL: none of must_tags matched (need one of ['mechanisms:luu-dan'])
    tags_v2: product:bo-rung|chemical:glufosinate-ammonium|pest:weeds|pest:glyphosate-resistant-weeds|action:spraying|mechanisms:khong-chon-loc

#76 idx=984 sim=0.4151 tag_score=0 id=crop_mgmt_disease_chunk_06__000440 entity=disease
    Q: Chất hữu cơ phủ luống và bổ sung đạm Nitrat amôn có tác dụng gì trong phòng bệnh?
    reason: FAIL: none of must_tags matched (need one of ['mechanisms:luu-dan'])
    tags_v2: disease:root-knot-nematode|pest:meloidogyne-incognita|chemical:ammonium-nitrate|chemical:organic-matter|action:disease-prevention

#77 idx=442 sim=0.4136 tag_score=0 id=sau_hai_05_tri_13__000183 entity=product
    Q: Xử lý Trĩ - Rất hay kháng thuốc khi mật độ bình thường như thế nào?
    reason: FAIL: none of must_tags matched (need one of ['mechanisms:luu-dan'])
    tags_v2: process:pest-control|action:chemical-application|object:insecticide|pest:bo-tri|formula:cong-thuc-bo-tri|mechanisms:tiep-xuc-luu-dan

#78 idx=1375 sim=0.4132 tag_score=0 id=MATSCOT entity=product
    Q: MATSCOT 500SP, NEWTONGARD 75
    reason: FAIL: none of must_tags matched (need one of ['mechanisms:luu-dan'])
    tags_v2: product:matscot|product:matscot-500sp|product:newtongard-75|chemical:cyromazine|pest:leaf-miner|crop:rau|brand:agrishop|brand:delta

#79 idx=1331 sim=0.4128 tag_score=0 id=SCORTLAN entity=product
    Q: TRÙM NẤM BỆNH, GIÁO SƯ BỆNH 4.0, SCORTLAN 80WP - M45 ẤN
    reason: FAIL: none of must_tags matched (need one of ['mechanisms:luu-dan'])
    tags_v2: product:scortlan|product:trum-nam-benh|product:giao-su-benh-4.0|product:scrotlan-80wp-m45-an|chemical:thiram|pest:fungal-disease|action:fungicide-application|crop:peanut|brand:delta|pest:nut-than

#80 idx=1360 sim=0.4126 tag_score=0 id=KASUHAN entity=product
    Q: KASUHAN 4WP TRÙM KHUẨN
    reason: FAIL: none of must_tags matched (need one of ['mechanisms:luu-dan'])
    tags_v2: product:kasuhan-4wp|chemical:kasugamycin|disease:bacterial-blight|disease:powdery-mildew|brand:delta

=== FINAL PICK STAGE ===
final_stage : STRICT
picked_count: 80
top_k       : 80
========================

=== PICKED 80 in stage STRICT ===

=== norm_query: Bọ trĩ có sử dụng được công thức xông hơi mạnh + lưu dẫn không? ===

#01 idx=1297 sim=0.3947 tag_score=3 id=BPALATOX entity=product
    Q: BPALATOX 100EC
    reason: PASS: matched must_tags=['mechanisms:xong-hoi']
    tags_v2: chemical:alpha-cypermethrin|chemical:pyrethroid|product:bpalatox-100ec|crop:peach|brand:bmc|brand:phuc-thinh|mechanisms:xong-hoi

#02 idx=1370 sim=0.3895 tag_score=3 id=SANTOSO entity=product
    Q: SANTOSO 100SC CHIM SÂU
    reason: PASS: matched must_tags=['mechanisms:xong-hoi']
    tags_v2: chemical:alpha-cypermethrin|chemical:insecticide|product:santoso-100sc|pest:insect-pests|brand:bmc|brand:phuc-thinh|mechanisms:xong-hoi

#03 idx=319 sim=0.3864 tag_score=3 id=bpalatox_100ec_chunk_01 entity=product
    Q: Thuốc Bpalatox 100EC có thành phần và công dụng chính là gì?
    reason: PASS: matched must_tags=['mechanisms:xong-hoi']
    tags_v2: chemical:alpha-cypermethrin|product:bpalatox-100ec|pest:stem-borer|pest:leaf-folder|pest:thrips|mechanisms:xong-hoi

#04 idx=1296 sim=0.3834 tag_score=3 id=Somethrin entity=product
    Q: Somethrin 10EC
    reason: PASS: matched must_tags=['mechanisms:xong-hoi']
    tags_v2: product:somethrin-10ec|chemical:cypermethrin|pest:insect|crop:cam|brand:bmc|brand:phuc-thinh|mechanisms:xong-hoi

#05 idx=1295 sim=0.3718 tag_score=3 id=Biperin entity=product
    Q: Biperin 100EC
    reason: PASS: matched must_tags=['mechanisms:xong-hoi']
    tags_v2: product:biperin-100ec|chemical:cypermethrin|pest:insect-pests|brand:bmc|brand:phuc-thinh|mechanisms:xong-hoi

#06 idx=380 sim=0.3712 tag_score=3 id=santoso_100sc_con_k_t_xanh_chunk_01 entity=product
    Q: Santoso 100SC (Con Két Xanh) là thuốc gì và có công dụng ra sao?
    reason: PASS: matched must_tags=['mechanisms:xong-hoi']
    tags_v2: chemical:alpha-cypermethrin|product:santoso-100sc|crop:lua|crop:dau-nanh|mechanisms:xong-hoi

#07 idx=103 sim=0.3709 tag_score=3 id=fullkill_50ec_i_h_n_chunk_01 entity=product
    Q: Thuốc BVTV FullKill 50EC có thành phần và công dụng chính là gì?
    reason: PASS: matched must_tags=['mechanisms:xong-hoi']
    tags_v2: product:fullkill-50ec|chemical:permethrin|pest:cotton-bollworm|pest:mealybug|mechanisms:xong-hoi

#08 idx=1371 sim=0.3663 tag_score=3 id=TAMIKO entity=product
    Q: TAMIKO 50EC Tổ chim sâu
    reason: PASS: matched must_tags=['mechanisms:xong-hoi']
    tags_v2: product:tamiko-50ec|chemical:permethrin|pest:stem-borer|pest:armyworm|brand:bmc|brand:phuc-thinh|mechanisms:xong-hoi

#09 idx=1372 sim=0.3656 tag_score=3 id=PHONIX_DRAGON entity=product
    Q: PHONIX DRAGON 20EC
    reason: PASS: matched must_tags=['mechanisms:xong-hoi']
    tags_v2: product:phonix-dragon-20ec|chemical:phoxim|chemical:beta-cypermethrin|crop:lua|brand:bmc|brand:phuc-thinh|mechanisms:xong-hoi

#10 idx=221 sim=0.3622 tag_score=3 id=forcin_50ec_japasa_50ec_chunk_01 entity=product
    Q: Sản phẩm Forcin 50EC (JAPASA 50EC) có thành phần và công dụng chính là gì?
    reason: PASS: matched must_tags=['mechanisms:xong-hoi']
    tags_v2: product:forcin-50ec|chemical:fenobucarb|crop:lua|crop:bong-vai|crop:dau-nanh|mechanisms:xong-hoi

#11 idx=1298 sim=0.3540 tag_score=3 id=CYMKILL entity=product
    Q: CYMKILL 25EC
    reason: PASS: matched must_tags=['mechanisms:xong-hoi']
    tags_v2: product:cymkill-25ec|chemical:cypermethrin|pest:borers|pest:thrips|pest:rep-sap|crop:cay-an-qua|brand:delta|mechanisms:xong-hoi

#12 idx=101 sim=0.3538 tag_score=3 id=cymkill_25ec_h_nh_con_i_b_ng_chunk_01 entity=product
    Q: Thuốc Cymkill 25EC có thành phần và công dụng chính là gì?
    reason: PASS: matched must_tags=['mechanisms:xong-hoi']
    tags_v2: product:cymkill-25ec|chemical:cypermethrin|pest:leaf-folder|pest:rice-bug|pest:green-bug|mechanisms:xong-hoi

#13 idx=382 sim=0.3399 tag_score=3 id=phonix_dragon_20ec_vua_r_ng_chunk_01 entity=product
    Q: Thuốc Phonix Dragon 20EC là thuốc gì và có thành phần nào?
    reason: PASS: matched must_tags=['mechanisms:xong-hoi']
    tags_v2: product:phonix-dragon-20ec|chemical:phoxim|chemical:beta-cypermethrin|pest:insect|mechanisms:xong-hoi

#14 idx=1299 sim=0.3372 tag_score=3 id=FULLKILL entity=product
    Q: FULLKILL 50EC, Permethrin 500
    reason: PASS: matched must_tags=['mechanisms:xong-hoi']
    tags_v2: product:fullkill-50ec|chemical:permethrin|pest:leaf-folder|pest:thrips|pest:rep-sap|crop:cay-an-qua|brand:delta|mechanisms:xong-hoi

#15 idx=321 sim=0.3303 tag_score=3 id=biperin_100ec_superotox_100ec_chunk_01 entity=product
    Q: Biperin 100EC (SUPEROTOX 100EC) là thuốc bảo vệ thực vật có đặc điểm gì?
    reason: PASS: matched must_tags=['mechanisms:xong-hoi']
    tags_v2: product:biperin-100ec|chemical:cypermethrin|pest:stem-borer|pest:leaf-folder|pest:thrips|mechanisms:xong-hoi

#16 idx=219 sim=0.3300 tag_score=3 id=fortac_5ec_faptank_chai_vu_ng_tr_ng_chunk_01 entity=product
    Q: Fortac 5EC là thuốc bảo vệ thực vật có thành phần gì và công dụng ra sao?
    reason: PASS: matched must_tags=['mechanisms:xong-hoi']
    tags_v2: chemical:alpha-cypermethrin|product:fortac-5ec|pet:muoi-hanh|crop:lua|crop:ca-phe|mechanisms:xong-hoi

#17 idx=323 sim=0.3245 tag_score=3 id=somethrin_10ec_cyper_10ec_chunk_01 entity=product
    Q: Somethrin 10EC (CYPER 10EC) là thuốc bảo vệ thực vật có đặc điểm và công dụng như thế nào?
    reason: PASS: matched must_tags=['mechanisms:xong-hoi']
    tags_v2: product:somethrin-10ec|chemical:cypermethrin|pest:stem-borer|pest:leaf-folder|mechanisms:xong-hoi

#18 idx=379 sim=0.3132 tag_score=3 id=tamiko_50ec_v_t_v_ng_chunk_02 entity=product
    Q: Tamiko 50EC dùng để trừ sâu bệnh trên những cây trồng nào và sâu bệnh nào?
    reason: PASS: matched must_tags=['mechanisms:xong-hoi']
    tags_v2: product:tamiko-50ec|chemical:permethrin|crop:lua|crop:ca-phe|crop:dieu|crop:mia|mechanisms:xong-hoi

#19 idx=449 sim=0.5119 tag_score=0 id=sau_hai_07_bo_nhay__000190 entity=product
    Q: Xử lý Bọ nhảy như thế nào?
    reason: FAIL: none of must_tags matched (need one of ['mechanisms:xong-hoi'])
    tags_v2: process:pest-control|action:apply-chemical|pest:bo-nhay|formula:cong-thuc-bo-nhay|product:binhtox-gold|product:kajio-5ec|product:tomi|additive:chat-bam-dinh

#20 idx=431 sim=0.4823 tag_score=0 id=sau_hai_05_ray_lung_trang_02__000172 entity=product
    Q: Xử lý Rầy nâu; rầy lưng trắng - Rất hay kháng thuốc khi mật độ cao như thế nào?
    reason: FAIL: none of must_tags matched (need one of ['mechanisms:xong-hoi'])
    tags_v2: process:pest-control|mechanisms:luu-dan-manh|object:exami|object:binhfos|pest:ray-nau|pest:ray-lung-trang|formula:cong-thuc-ray-nau|formula:cong-thuc-ray-lung-trang

#21 idx=444 sim=0.4787 tag_score=0 id=sau_hai_05_tri_15__000185 entity=product
    Q: Xử lý Trĩ - Rất hay kháng thuốc  như thế nào?
    reason: FAIL: none of must_tags matched (need one of ['mechanisms:xong-hoi'])
    tags_v2: process:pesticide-application|pest:bo-tri|formula:cong-thuc-bo-tri|product:zigen-super|product:nofara|mechanisms:tiep-xuc-luu-dan-manh

#22 idx=1305 sim=0.4603 tag_score=0 id=trum_chich_hut entity=product
    Q: TRÙM CHÍCH HÚT - TRĨ
    reason: FAIL: none of must_tags matched (need one of ['mechanisms:xong-hoi'])
    tags_v2: product:trum-chich-hut-tri|chemical:pymetrozine|pest:thrips|pest:aphids|crop:cay-an-qua|brand:delta

#23 idx=443 sim=0.4553 tag_score=0 id=sau_hai_05_tri_14__000184 entity=product
    Q: Xử lý Trĩ - Rất hay kháng thuốc khi mật độ cao như thế nào?
    reason: FAIL: none of must_tags matched (need one of ['mechanisms:xong-hoi'])
    tags_v2: process:contact-systemic-action|action:control|object:pesticide|pest:bo-tri|formula:cong-thuc-bo-tri|product:oxatin|mechanisms:tiep-xuc-luu-dan-manh

#24 idx=1366 sim=0.4467 tag_score=0 id=Xiexie entity=product
    Q: Xiexie 200WP ANH HÙNG KHUẨN
    reason: FAIL: none of must_tags matched (need one of ['mechanisms:xong-hoi'])
    tags_v2: product:xiexie-200wp-anh-hung-khuan|chemical:bismerthiazol|pest:bacterial-diseases|disease:bacterial-blight|disease:bacterial-spot|crop:lua|brand:agrishop

#25 idx=538 sim=0.4456 tag_score=0 id=postharvest_fungicide_chunk_02 entity=disease
    Q: Vai trò của thuốc trừ nấm sau thu hoạch đối với cam quýt là gì?
    reason: FAIL: none of must_tags matched (need one of ['mechanisms:xong-hoi'])
    tags_v2: disease:moc-xanh|disease:moc-xanh-lam|disease:thoi-chua|crop:cam-quyt

#26 idx=461 sim=0.4454 tag_score=0 id=sau_hai_05_sung_32__000200 entity=product
    Q: Xử lý Sùng; bọ hà như thế nào?
    reason: FAIL: none of must_tags matched (need one of ['mechanisms:xong-hoi'])
    tags_v2: process:fumigation|action:apply|object:granular-formulation|pest:bo-ha|formula:cong-thuc-sung|formula:cong-thuc-bo-ha

#27 idx=1010 sim=0.4451 tag_score=0 id=fungicide_usage_chunk_01__000478 entity=disease
    Q: Thuốc trừ nấm thường được sử dụng như thế nào trong phòng trừ bệnh trên cây?
    reason: FAIL: none of must_tags matched (need one of ['mechanisms:xong-hoi'])
    tags_v2: action:phun|action:xu-ly-hat-giong|action:tuoi-dat|disease:benh-tren-la

#28 idx=591 sim=0.4449 tag_score=0 id=rose_anthra_chunk_06 entity=disease
    Q: Thuốc trừ nấm cho bệnh thán thư trên hoa hồng có giống với thuốc trị CLS và đốm đen không?
    reason: FAIL: none of must_tags matched (need one of ['mechanisms:xong-hoi'])
    tags_v2: disease:than-thu|disease:cls|disease:dot-den|crop:hoa-hong

#29 idx=1302 sim=0.4437 tag_score=0 id=BINHFOS_gr entity=product
    Q: VUA SÂU, VUA RỆP - SÂU - RẦY, ANH HÙNG SÂU, TRÙM SÂU
    reason: FAIL: none of must_tags matched (need one of ['mechanisms:xong-hoi'])
    tags_v2: product:vua-sau|product:vua-rep-sau-ray|product:anh-hung-sau|product:trum-sau|product:binhfos-50ec|chemical:profenofos|pest:nhen|pest:bo-tri|mechanisms:xong-hoi-manh|pest:ray-nau|brand:delta

#30 idx=1354 sim=0.4427 tag_score=0 id=GONE_SUPER entity=product
    Q: GONE SUPER 350EC, TEEN SUPER 350EC
    reason: FAIL: none of must_tags matched (need one of ['mechanisms:xong-hoi'])
    tags_v2: product:gone-super|product:gone-super-350ec|product:teen-super-350ec|chemical:difenoconazole|chemical:propiconazole|chemical:tebuconazole|pest:dom-den|pest:ri-sat|brand:bmc|brand:phuc-thinh|brand:agrishop

#31 idx=430 sim=0.4403 tag_score=0 id=sau_hai_05_ray_lung_trang_01__000171 entity=product
    Q: Xử lý Rầy nâu; rầy lưng trắng - Rất hay kháng thuốc khi mật độ bình thường hoặc cao như thế nào?
    reason: FAIL: none of must_tags matched (need one of ['mechanisms:xong-hoi'])
    tags_v2: action:xu-ly|mechanisms:luu-dan-manh|pest:ray-nau|pest:ray-lung-trang|formula:cong-thuc-ray-nau|formula:cong-thuc-ray-lung-trang

#32 idx=476 sim=0.4387 tag_score=0 id=combo_truyen_thong_mua_ngap_chunk_01__000223 entity=product
    Q: Combo truyền thống phòng trừ nấm bệnh trong điều kiện mưa nhiều ngập lụt là gì?
    reason: FAIL: none of must_tags matched (need one of ['mechanisms:xong-hoi'])
    tags_v2: process:disease-control|action:root-irrigation|action:foliar-spray|disease:fungal-disease|product:forzate-20ec

#33 idx=53 sim=0.4376 tag_score=0 id=kenbast_15sl_b_r_ng_chunk_01 entity=product
    Q: Bò rừng có thành phần và công dụng chính là gì?
    reason: FAIL: none of must_tags matched (need one of ['mechanisms:xong-hoi'])
    tags_v2: product:bo-rung|chemical:glufosinate-ammonium|pest:weeds|pest:weeds|action:herbicide-application|mechanisms:khong-chon-loc

#34 idx=1006 sim=0.4376 tag_score=0 id=disease_resistance_chunk_01__000472 entity=disease
    Q: Sử dụng giống kháng bệnh là biện pháp phòng trừ bệnh hiệu quả.
    reason: FAIL: none of must_tags matched (need one of ['mechanisms:xong-hoi'])
    tags_v2: process:disease-prevention|action:use-resistant-varieties

#35 idx=1337 sim=0.4374 tag_score=0 id=Trinong entity=product
    Q: Trinong 50WP
    reason: FAIL: none of must_tags matched (need one of ['mechanisms:xong-hoi'])
    tags_v2: product:trinong-50wp|chemical:prochloraz-manganese-complex|pest:fungal-disease|disease:blast|disease:leaf-spot|brand:bmc|brand:phuc-thinh

#36 idx=1377 sim=0.4369 tag_score=0 id=Dolping entity=product
    Q: Dolping 40EC TĂNG SINH trưởng
    reason: FAIL: none of must_tags matched (need one of ['mechanisms:xong-hoi'])
    tags_v2: product:dolping-40ec|chemical:gibberellic-acid|pest:tang-sinh-truong|pest:bo-xit|crop:bap-cai|crop:ca-chua|brand:delta

#37 idx=1376 sim=0.4363 tag_score=0 id=ATOMIN entity=product
    Q: ATOMIN 15WP, BONGRA SAI 150
    reason: FAIL: none of must_tags matched (need one of ['mechanisms:xong-hoi'])
    tags_v2: product:atomin|product:atomin-15wp|product:bong-ra-sai-150|chemical:Paclobutrazol|crop:lua|crop:peanut|crop:durian|brand:bmc|brand:phuc-thinh|brand:agrishop

#38 idx=574 sim=0.4356 tag_score=0 id=rose_blackspot_chunk_06 entity=disease
    Q: Khi nào cần sử dụng thuốc trừ nấm для bệnh đốm đen hoa hồng?
    reason: FAIL: none of must_tags matched (need one of ['mechanisms:xong-hoi'])
    tags_v2: disease:black-spot-rose|crop:rose|action:apply|process:prevention

#39 idx=1293 sim=0.4349 tag_score=0 id=BINHTOX entity=product
    Q: BINHTOX 3.8EC GOLD
    reason: FAIL: none of must_tags matched (need one of ['mechanisms:xong-hoi'])
    tags_v2: product:binhtox-3-8ec-gold|chemical:abamectin|pest:sau-to|pest:bo-nhay|brand:delta|mechanisms:tiep-xuc

#40 idx=87 sim=0.4348 tag_score=0 id=binhfos_50ec_anh_h_ng_s_u_chunk_01 entity=product
    Q: Thuốc Binhfos 50EC (Anh Hùng Sâu) có thành phần và công dụng chính là gì?
    reason: FAIL: none of must_tags matched (need one of ['mechanisms:xong-hoi'])
    tags_v2: product:binhfos-anh-hung-sau|chemical:profenofos|pest:leaf-eating-caterpillar|pest:thrips|pest:aphid|mechanisms:xong-hoi-manh

#41 idx=609 sim=0.4344 tag_score=0 id=rose_canker_chunk_06 entity=disease
    Q: Vì sao thuốc trừ nấm không hiệu quả trong việc xử lý bệnh loét thân trên hoa hồng?
    reason: FAIL: none of must_tags matched (need one of ['mechanisms:xong-hoi'])
    tags_v2: disease:loet-than-hoa-hong|action:cat-bo-canh-bi-loet|process:nhiem-nam-sau-mo-than

#42 idx=1340 sim=0.4339 tag_score=0 id=HoangANHVIL entity=product
    Q: HoangANHVIL 50SC
    reason: FAIL: none of must_tags matched (need one of ['mechanisms:xong-hoi'])
    tags_v2: product:hoanganhvil-50sc|chemical:hexaconazole|disease:fungal-infections|crop:lua|brand:bmc|brand:phuc-thinh

#43 idx=463 sim=0.4334 tag_score=0 id=sau_hai_05_sung_34__000202 entity=product
    Q: Xử lý Sùng; bọ hà như thế nào?
    reason: FAIL: none of must_tags matched (need one of ['mechanisms:xong-hoi'])
    tags_v2: process:pest-control|action:apply-chemical|crop:khoai-lang|pest:bo-ha|formula:cong-thuc-sung|formula:cong-thuc-bo-ha

#44 idx=707 sim=0.4331 tag_score=0 id=IC_Top_Co_Che_Tac_Dung_6 entity=procedure
    Q: Tại sao không nên sử dụng mãi một loại thuốc khử khuẩn có nguy cơ kháng thuốc cao?
    reason: FAIL: none of must_tags matched (need one of ['mechanisms:xong-hoi'])
    tags_v2: process:drug-rotation|action:disinfection|object:disinfectant|process:resistance-management|action:combination-therapy

#45 idx=1288 sim=0.4323 tag_score=0 id=sha_chong_jing entity=product
    Q: SHA CHONG JING 95WP
    reason: FAIL: none of must_tags matched (need one of ['mechanisms:xong-hoi'])
    tags_v2: product:sha-chong-jing-95wp|chemical:thiosultap-sodium|chemical:monosultap|pest:leaf-folder|pest:stem-borer|brand:agrishop

#46 idx=1386 sim=0.4312 tag_score=0 id=oc_ly_tieu_long entity=product
    Q: ỐC LÝ TIỂU LONG 18GR
    reason: FAIL: none of must_tags matched (need one of ['mechanisms:xong-hoi'])
    tags_v2: product:oc-ly-tieu-long-18gr|chemical:metaldehyde|pest:oc-sen|pest:slug|crop:lua|brand:bmc|brand:phuc-thinh

#47 idx=95 sim=0.4306 tag_score=0 id=exami_20wg_l_ti_u_long_chunk_01 entity=product
    Q: Exami 20WG (Lý Tiểu Long) là thuốc bảo vệ thực vật có thành phần và công dụng như thế nào?
    reason: FAIL: none of must_tags matched (need one of ['mechanisms:xong-hoi'])
    tags_v2: product:exami-20wg-ly-tieu-long|chemical:flonicamid|pest:whitefly|pest:aphid|pest:thrips|mechanisms:luu-dan-manh

#48 idx=454 sim=0.4305 tag_score=0 id=sau_hai_05_sau_cuon_la_25__000193 entity=product
    Q: Xử lý Sâu cuốn lá; sâu đục thân/ lúa - Rất hay kháng thuốc khi mật độ cao như thế nào?
    reason: FAIL: none of must_tags matched (need one of ['mechanisms:xong-hoi'])
    tags_v2: process:fumigation|action:heat-treatment|object:steam|crop:lua|disease:stem-borer|pest:sau-duc-than|pest:sau-cuon-la|formula:cong-thuc-sau-cuon-la|formula:cong-thuc-sau-duc-than

#49 idx=1325 sim=0.4304 tag_score=0 id=Buti entity=product
    Q: Buti 43SC Anh Hùng Nhện
    reason: FAIL: none of must_tags matched (need one of ['mechanisms:xong-hoi'])
    tags_v2: product:Buti-43sc-anh-hung-nhen|chemical:bifenazate|pest:nhen|pest:white-spider-mite|brand:delta

#50 idx=130 sim=0.4302 tag_score=0 id=buti_43sc_anh_h_ng_nh_n_chunk_02 entity=product
    Q: Hướng dẫn cách sử dụng và lưu ý khi dùng thuốc Buti 43SC (Anh Hùng Nhện) như thế nào?
    reason: FAIL: none of must_tags matched (need one of ['mechanisms:xong-hoi'])
    tags_v2: product:buti-43sc|chemical:bifenazate|pest:nhen|crop:hoa-hong|crop:cam|crop:chanh

#51 idx=462 sim=0.4298 tag_score=0 id=sau_hai_05_sung_33__000201 entity=product
    Q: Xử lý Sùng; bọ hà như thế nào?
    reason: FAIL: none of must_tags matched (need one of ['mechanisms:xong-hoi'])
    tags_v2: process:fumigation|action:watering|object:water|pest:bo-ha|formula:cong-thuc-sung|formula:cong-thuc-bo-ha

#52 idx=1307 sim=0.4297 tag_score=0 id=RECXONA entity=product
    Q: RECXONA 35WG, VUA TRĨ
    reason: FAIL: none of must_tags matched (need one of ['mechanisms:xong-hoi'])
    tags_v2: product:recxona-350SC|product:vua-tri|product:nofara-350sc|chemical:thiamethoxam|pest:leaf-eating-insects|pest:sucking-insects|brand:delta

#53 idx=1347 sim=0.4287 tag_score=0 id=IC-TOP entity=product
    Q: IC-TOP 28.1SC BOÓCDOR
    reason: FAIL: none of must_tags matched (need one of ['mechanisms:xong-hoi'])
    tags_v2: product:ic-top-28-1sc-boocdor|chemical:copper|chemical:lime|pest:bo-phan|pest:ray-mem|crop:rau|brand:bmc|pest:nut-than

#54 idx=993 sim=0.4286 tag_score=0 id=disease_management_chunk_07__000452 entity=disease
    Q: Thuốc trừ nấm được sử dụng như thế nào trong quản lý bệnh hại tổng hợp?
    reason: FAIL: none of must_tags matched (need one of ['mechanisms:xong-hoi'])
    tags_v2: process:disease-control|process:integrated-pest-management|action:apply-fungicide

#55 idx=111 sim=0.4277 tag_score=0 id=binhtox_3_8ec_b_o_en_n_c_trong_n_c_c_chunk_01 entity=product
    Q: Thuốc BVTV Binhtox 3.8EC có thành phần và công dụng chính là gì?
    reason: FAIL: none of must_tags matched (need one of ['mechanisms:xong-hoi'])
    tags_v2: product:binhtox-3-8ec|chemical:abamectin|crop:bap-cai|crop:dau-nanh|crop:pak-choi|mechanisms:tiep-xuc

#56 idx=1268 sim=0.4268 tag_score=0 id=vua_co_ngo entity=product
    Q: Vua Cỏ Ngô
    reason: FAIL: none of must_tags matched (need one of ['mechanisms:xong-hoi'])
    tags_v2: product:vua-co-ngo|chemical:tembotrione|pest:weeds|crop:bap|brand:delta

#57 idx=448 sim=0.4254 tag_score=0 id=sau_hai_06_sau_hanh__000189 entity=product
    Q: Xử lý Sâu hành (rất kháng) như thế nào?
    reason: FAIL: none of must_tags matched (need one of ['mechanisms:xong-hoi'])
    tags_v2: process:pest-control|mechanisms:tiep-xuc|pest:sau-hanh|formula:cong-thuc-sau-hanh|product:binhtox-gold|product:kajio-5ec|product:tomi|additive:chat-bam-dinh

#58 idx=668 sim=0.4248 tag_score=0 id=bd_formula2_chunk_01 entity=procedure
    Q: Vì sao vôi có vai trò quan trọng trong công thức dung dịch Bordeaux?
    reason: FAIL: none of must_tags matched (need one of ['mechanisms:xong-hoi'])
    tags_v2: process:solution-preparation|action:combine|object:lime|object:coppe|chemical:lime

#59 idx=427 sim=0.4246 tag_score=0 id=c_chunk_01__000158 entity=product
    Q: Phác đồ phòng trừ ốc bao gồm những thuốc nào và cách sử dụng ra sao?
    reason: FAIL: none of must_tags matched (need one of ['mechanisms:xong-hoi'])
    tags_v2: action:spraying|action:applying|pest:oc-sen|chemical:abamectin|product:abinsec

#60 idx=572 sim=0.4241 tag_score=0 id=rose_blackspot_chunk_04 entity=disease
    Q: Biện pháp canh tác nào giúp hạn chế bệnh đốm đen trên hoa hồng?
    reason: FAIL: none of must_tags matched (need one of ['mechanisms:xong-hoi'])
    tags_v2: disease:dot-den-tren-hoa-hong|crop:hoa-hong|action:ve-sinh-tan-du-la-rung|action:tia-canh-tao-thong-thoang|action:tuoi-nuoc-hop-ly

#61 idx=129 sim=0.4241 tag_score=0 id=buti_43sc_anh_h_ng_nh_n_chunk_01 entity=product
    Q: Buti 43SC (Anh Hùng Nhện) là thuốc BVTV có thành phần gì và công dụng ra sao?
    reason: FAIL: none of must_tags matched (need one of ['mechanisms:xong-hoi'])
    tags_v2: product:buti-43sc|chemical:bifenazate|pest:nhen|pest:white-spider-mite|crop:rose

#62 idx=446 sim=0.4240 tag_score=0 id=sau_hai_05_sau_to_18__000187 entity=product
    Q: Xử lý Sâu tơ như thế nào?
    reason: FAIL: none of must_tags matched (need one of ['mechanisms:xong-hoi'])
    tags_v2: process:pest-control|action:apply-chemical|object:steam-fumigation|pest:sau-to|formula:cong-thuc-sau-to|product:binhtox-gold|product:oxatin

#63 idx=13 sim=0.4235 tag_score=0 id=quy_trinh_nuoi_trai_sau_rieng_06 entity=procedure
    Q: Giai đoạn trái sầu riêng từ 1,5kg đến trên 2,5kg cần bón phân và phun thuốc như thế nào?
    reason: FAIL: none of must_tags matched (need one of ['mechanisms:xong-hoi'])
    tags_v2: crop:durian|chemical:kalibo|chemical:k2so4

#64 idx=1369 sim=0.4234 tag_score=0 id=NAKANO entity=product
    Q: NAKANO 50WP
    reason: FAIL: none of must_tags matched (need one of ['mechanisms:xong-hoi'])
    tags_v2: product:nakano-50wp|chemical:dithianon|pest:ghe-seo|pest:suong-mai|pest:than-thu|brand:agrishop

#65 idx=1338 sim=0.4227 tag_score=0 id=BMC_SULFUR entity=product
    Q: BMC sulfur 80WG, Komulunx 80WG, SOCCARB 80WG
    reason: FAIL: none of must_tags matched (need one of ['mechanisms:xong-hoi'])
    tags_v2: product:sulfur|product:bmc-sulfur-80wg|product:komulunx-80wg|product:soccarb-80wg|chemical:sulfur|brand:bmc|brand:phuc-thinh|brand:delta

#66 idx=720 sim=0.4224 tag_score=0 id=ic_use_chunk_02 entity=procedure
    Q: Vò trộn đúng kỹ thuật giúp IC Top bám dính lên cây trồng như thế nào?
    reason: FAIL: none of must_tags matched (need one of ['mechanisms:xong-hoi'])
    tags_v2: process:mixing|action:activating|object:ic-top

#67 idx=236 sim=0.4222 tag_score=0 id=atomin_15wp_b_ngra_sai_chunk_02 entity=product
    Q: Atomin 15WP dùng cho những loại cây trồng nào và có tác dụng gì?
    reason: FAIL: none of must_tags matched (need one of ['mechanisms:xong-hoi'])
    tags_v2: product:atomin-15wp|chemical:paclobutrazol|crop:xoai|crop:durian|crop:lua|crop:bap

#68 idx=445 sim=0.4208 tag_score=0 id=sau_hai_05_tri_16__000186 entity=product
    Q: Xử lý Trĩ - Rất hay kháng thuốc  như thế nào?
    reason: FAIL: none of must_tags matched (need one of ['mechanisms:xong-hoi'])
    tags_v2: action:ket-hop|process:tru-toan-bo-trung|object:lekima|pest:bo-tri|formula:cong-thuc-bo-tri

#69 idx=1383 sim=0.4206 tag_score=0 id=bam_dinh_bmc entity=product
    Q: BÁM DÍNH BMC
    reason: FAIL: none of must_tags matched (need one of ['mechanisms:xong-hoi'])
    tags_v2: product:bam-dinh-bmc|chemical:c10-alcohol-ethoxylate|action:bam-dinh|crop:lua

#70 idx=1356 sim=0.4184 tag_score=0 id=DOWNY entity=product
    Q: DOWNY 650WP, ĐÙM XPRO 650WP
    reason: FAIL: none of must_tags matched (need one of ['mechanisms:xong-hoi'])
    tags_v2: product:downy|product:downy-650wp|product:dum-xpro-650wp|chemical:isoprothiolane|chemical:tricyclazole|disease:rice-blast|crop:lua|brand:bmc|brand:phuc-thinh|brand:agrishop

#71 idx=51 sim=0.4182 tag_score=0 id=kenbast_15sl_tr_u_v_ng_chunk_01 entity=product
    Q: Trâu Vàng có thành phần và công dụng chính là gì?
    reason: FAIL: none of must_tags matched (need one of ['mechanisms:xong-hoi'])
    tags_v2: product:trau-vang|chemical:glufosinate-ammonium|pest:weeds|pest:co-la-rong|pest:narrowleaf-weed|mechanisms:khong-chon-loc

#72 idx=11 sim=0.4182 tag_score=0 id=quy_trinh_nuoi_trai_sau_rieng_04 entity=procedure
    Q: Đốt đọt sầu riêng trong giai đoạn nuôi trái thực hiện như thế nào và các tình huống xử lý?
    reason: FAIL: none of must_tags matched (need one of ['mechanisms:xong-hoi'])
    tags_v2: crop:durian|chemical:ethephon|chemical:azol-450sc

#73 idx=179 sim=0.4174 tag_score=0 id=binhtox_3_8ec_gold_chunk_01 entity=product
    Q: Thuốc BVTV Binhtox 3.8EC Gold có thành phần và công dụng chính là gì?
    reason: FAIL: none of must_tags matched (need one of ['mechanisms:xong-hoi'])
    tags_v2: product:binhtox-3-8ec-gold|chemical:abamectin|pest:sau-to|pest:sau-hanh|crop:bap-cai|mechanisms:tiep-xuc

#74 idx=876 sim=0.4170 tag_score=0 id=fungal_isolation_chunk_01__000243 entity=disease
    Q: Phương pháp phân lập nấm gây thối rễ, thân và lá có cần tuân thủ chính xác không?
    reason: FAIL: none of must_tags matched (need one of ['mechanisms:xong-hoi'])
    tags_v2: disease:root-rot|disease:stem-rot|disease:leaf-rot|process:fungal-isolation|action:adjust-methods

#75 idx=369 sim=0.4158 tag_score=0 id=trinong_50wp_carbendazim_chunk_01 entity=product
    Q: Trinong 50WP là thuốc bảo vệ thực vật có thành phần và công dụng như thế nào?
    reason: FAIL: none of must_tags matched (need one of ['mechanisms:xong-hoi'])
    tags_v2: product:trinong-50wp|chemical:prochloraz-manganesse-complex|disease:blast|disease:leaf-spot|disease:anthracnose|disease:powdery-mildew|disease:nhom-a|disease:nhom-b

#76 idx=1313 sim=0.4154 tag_score=0 id=EXAMI entity=product
    Q: EXAMI 20WG
    reason: FAIL: none of must_tags matched (need one of ['mechanisms:xong-hoi'])
    tags_v2: product:exami-20wg|chemical:flonicamid|pest:bo-nhay|pest:nhen|crop:cay-an-qua|brand:delta|mechanisms:luu-dan-manh

#77 idx=54 sim=0.4152 tag_score=0 id=kenbast_15sl_b_r_ng_chunk_02 entity=product
    Q: Bò Rừng (Bò rừng) có đặc điểm nổi bật và cách sử dụng như thế nào?
    reason: FAIL: none of must_tags matched (need one of ['mechanisms:xong-hoi'])
    tags_v2: product:bo-rung|chemical:glufosinate-ammonium|pest:weeds|pest:glyphosate-resistant-weeds|action:spraying|mechanisms:khong-chon-loc

#78 idx=984 sim=0.4150 tag_score=0 id=crop_mgmt_disease_chunk_06__000440 entity=disease
    Q: Chất hữu cơ phủ luống và bổ sung đạm Nitrat amôn có tác dụng gì trong phòng bệnh?
    reason: FAIL: none of must_tags matched (need one of ['mechanisms:xong-hoi'])
    tags_v2: disease:root-knot-nematode|pest:meloidogyne-incognita|chemical:ammonium-nitrate|chemical:organic-matter|action:disease-prevention

#79 idx=442 sim=0.4135 tag_score=0 id=sau_hai_05_tri_13__000183 entity=product
    Q: Xử lý Trĩ - Rất hay kháng thuốc khi mật độ bình thường như thế nào?
    reason: FAIL: none of must_tags matched (need one of ['mechanisms:xong-hoi'])
    tags_v2: process:pest-control|action:chemical-application|object:insecticide|pest:bo-tri|formula:cong-thuc-bo-tri|mechanisms:tiep-xuc-luu-dan

#80 idx=1375 sim=0.4132 tag_score=0 id=MATSCOT entity=product
    Q: MATSCOT 500SP, NEWTONGARD 75
    reason: FAIL: none of must_tags matched (need one of ['mechanisms:xong-hoi'])
    tags_v2: product:matscot|product:matscot-500sp|product:newtongard-75|chemical:cyromazine|pest:leaf-miner|crop:rau|brand:agrishop|brand:delta

=== FINAL PICK STAGE ===
final_stage : STRICT
picked_count: 80
top_k       : 80
========================

=== PICKED 80 in stage STRICT ===

=== norm_query: Bọ trĩ có sử dụng được công thức xông hơi mạnh + lưu dẫn không? ===

#01 idx=1302 sim=0.4437 tag_score=3 id=BINHFOS_gr entity=product
    Q: VUA SÂU, VUA RỆP - SÂU - RẦY, ANH HÙNG SÂU, TRÙM SÂU
    reason: PASS: matched must_tags=['mechanisms:xong-hoi-manh']
    tags_v2: product:vua-sau|product:vua-rep-sau-ray|product:anh-hung-sau|product:trum-sau|product:binhfos-50ec|chemical:profenofos|pest:nhen|pest:bo-tri|mechanisms:xong-hoi-manh|pest:ray-nau|brand:delta

#02 idx=87 sim=0.4348 tag_score=3 id=binhfos_50ec_anh_h_ng_s_u_chunk_01 entity=product
    Q: Thuốc Binhfos 50EC (Anh Hùng Sâu) có thành phần và công dụng chính là gì?
    reason: PASS: matched must_tags=['mechanisms:xong-hoi-manh']
    tags_v2: product:binhfos-anh-hung-sau|chemical:profenofos|pest:leaf-eating-caterpillar|pest:thrips|pest:aphid|mechanisms:xong-hoi-manh

#03 idx=1303 sim=0.3829 tag_score=3 id=fORSAN entity=product
    Q: fORSAN 60EC, HORiSAN 75
    reason: PASS: matched must_tags=['mechanisms:xong-hoi-manh']
    tags_v2: product:forsan-horisan|pest:rep-sap|pest:dao-on|product:forsan-60ec|product:horisan-75|chemical:phenthoate|chemical:dimethoate|crop:rau|brand:bmc|brand:phuc-thinh|brand:delta|mechanisms:xong-hoi-manh

#04 idx=331 sim=0.3452 tag_score=3 id=forsan_60ec_di_t_s_u_t_n_g_c_chunk_01 entity=product
    Q: Forsan 60EC là thuốc bảo vệ thực vật có đặc điểm và công dụng gì?
    reason: PASS: matched must_tags=['mechanisms:xong-hoi-manh']
    tags_v2: chemical:phenthoate|product:forsan-60ec|pest:insect-pests|crop:lua|crop:khoai-lang|mechanisms:xong-hoi-manh

#05 idx=385 sim=0.3430 tag_score=3 id=uchong_40ec_vua_sau_ray_rep_chunk_01 entity=product
    Q: Thuốc Uchong 40EC có thành phần và công dụng chính là gì?
    reason: PASS: matched must_tags=['mechanisms:xong-hoi-manh']
    tags_v2: chemical:chlorpyrifos-methyl|product:uchong-40ec|pest:stem-borer|pest:cicada|pest:green-leaf-bug|mechanisms:xong-hoi-manh

#06 idx=386 sim=0.3103 tag_score=3 id=uchong_40ec_vua_sau_ray_rep_chunk_02 entity=product
    Q: Những lưu ý quan trọng khi sử dụng thuốc Uchong 40EC là gì?
    reason: PASS: matched must_tags=['mechanisms:xong-hoi-manh']
    tags_v2: chemical:chlorpyrifos-methyl|product:uchong-40ec|action:spray|pest:avoid|process:application-guidelines|crop:young-plants|mechanisms:xong-hoi-manh

#07 idx=449 sim=0.5119 tag_score=0 id=sau_hai_07_bo_nhay__000190 entity=product
    Q: Xử lý Bọ nhảy như thế nào?
    reason: FAIL: none of must_tags matched (need one of ['mechanisms:xong-hoi-manh'])
    tags_v2: process:pest-control|action:apply-chemical|pest:bo-nhay|formula:cong-thuc-bo-nhay|product:binhtox-gold|product:kajio-5ec|product:tomi|additive:chat-bam-dinh

#08 idx=431 sim=0.4823 tag_score=0 id=sau_hai_05_ray_lung_trang_02__000172 entity=product
    Q: Xử lý Rầy nâu; rầy lưng trắng - Rất hay kháng thuốc khi mật độ cao như thế nào?
    reason: FAIL: none of must_tags matched (need one of ['mechanisms:xong-hoi-manh'])
    tags_v2: process:pest-control|mechanisms:luu-dan-manh|object:exami|object:binhfos|pest:ray-nau|pest:ray-lung-trang|formula:cong-thuc-ray-nau|formula:cong-thuc-ray-lung-trang

#09 idx=444 sim=0.4787 tag_score=0 id=sau_hai_05_tri_15__000185 entity=product
    Q: Xử lý Trĩ - Rất hay kháng thuốc  như thế nào?
    reason: FAIL: none of must_tags matched (need one of ['mechanisms:xong-hoi-manh'])
    tags_v2: process:pesticide-application|pest:bo-tri|formula:cong-thuc-bo-tri|product:zigen-super|product:nofara|mechanisms:tiep-xuc-luu-dan-manh

#10 idx=1305 sim=0.4603 tag_score=0 id=trum_chich_hut entity=product
    Q: TRÙM CHÍCH HÚT - TRĨ
    reason: FAIL: none of must_tags matched (need one of ['mechanisms:xong-hoi-manh'])
    tags_v2: product:trum-chich-hut-tri|chemical:pymetrozine|pest:thrips|pest:aphids|crop:cay-an-qua|brand:delta

#11 idx=443 sim=0.4553 tag_score=0 id=sau_hai_05_tri_14__000184 entity=product
    Q: Xử lý Trĩ - Rất hay kháng thuốc khi mật độ cao như thế nào?
    reason: FAIL: none of must_tags matched (need one of ['mechanisms:xong-hoi-manh'])
    tags_v2: process:contact-systemic-action|action:control|object:pesticide|pest:bo-tri|formula:cong-thuc-bo-tri|product:oxatin|mechanisms:tiep-xuc-luu-dan-manh

#12 idx=1366 sim=0.4467 tag_score=0 id=Xiexie entity=product
    Q: Xiexie 200WP ANH HÙNG KHUẨN
    reason: FAIL: none of must_tags matched (need one of ['mechanisms:xong-hoi-manh'])
    tags_v2: product:xiexie-200wp-anh-hung-khuan|chemical:bismerthiazol|pest:bacterial-diseases|disease:bacterial-blight|disease:bacterial-spot|crop:lua|brand:agrishop

#13 idx=538 sim=0.4456 tag_score=0 id=postharvest_fungicide_chunk_02 entity=disease
    Q: Vai trò của thuốc trừ nấm sau thu hoạch đối với cam quýt là gì?
    reason: FAIL: none of must_tags matched (need one of ['mechanisms:xong-hoi-manh'])
    tags_v2: disease:moc-xanh|disease:moc-xanh-lam|disease:thoi-chua|crop:cam-quyt

#14 idx=461 sim=0.4454 tag_score=0 id=sau_hai_05_sung_32__000200 entity=product
    Q: Xử lý Sùng; bọ hà như thế nào?
    reason: FAIL: none of must_tags matched (need one of ['mechanisms:xong-hoi-manh'])
    tags_v2: process:fumigation|action:apply|object:granular-formulation|pest:bo-ha|formula:cong-thuc-sung|formula:cong-thuc-bo-ha

#15 idx=1010 sim=0.4451 tag_score=0 id=fungicide_usage_chunk_01__000478 entity=disease
    Q: Thuốc trừ nấm thường được sử dụng như thế nào trong phòng trừ bệnh trên cây?
    reason: FAIL: none of must_tags matched (need one of ['mechanisms:xong-hoi-manh'])
    tags_v2: action:phun|action:xu-ly-hat-giong|action:tuoi-dat|disease:benh-tren-la

#16 idx=591 sim=0.4449 tag_score=0 id=rose_anthra_chunk_06 entity=disease
    Q: Thuốc trừ nấm cho bệnh thán thư trên hoa hồng có giống với thuốc trị CLS và đốm đen không?
    reason: FAIL: none of must_tags matched (need one of ['mechanisms:xong-hoi-manh'])
    tags_v2: disease:than-thu|disease:cls|disease:dot-den|crop:hoa-hong

#17 idx=1354 sim=0.4427 tag_score=0 id=GONE_SUPER entity=product
    Q: GONE SUPER 350EC, TEEN SUPER 350EC
    reason: FAIL: none of must_tags matched (need one of ['mechanisms:xong-hoi-manh'])
    tags_v2: product:gone-super|product:gone-super-350ec|product:teen-super-350ec|chemical:difenoconazole|chemical:propiconazole|chemical:tebuconazole|pest:dom-den|pest:ri-sat|brand:bmc|brand:phuc-thinh|brand:agrishop

#18 idx=430 sim=0.4403 tag_score=0 id=sau_hai_05_ray_lung_trang_01__000171 entity=product
    Q: Xử lý Rầy nâu; rầy lưng trắng - Rất hay kháng thuốc khi mật độ bình thường hoặc cao như thế nào?
    reason: FAIL: none of must_tags matched (need one of ['mechanisms:xong-hoi-manh'])
    tags_v2: action:xu-ly|mechanisms:luu-dan-manh|pest:ray-nau|pest:ray-lung-trang|formula:cong-thuc-ray-nau|formula:cong-thuc-ray-lung-trang

#19 idx=476 sim=0.4387 tag_score=0 id=combo_truyen_thong_mua_ngap_chunk_01__000223 entity=product
    Q: Combo truyền thống phòng trừ nấm bệnh trong điều kiện mưa nhiều ngập lụt là gì?
    reason: FAIL: none of must_tags matched (need one of ['mechanisms:xong-hoi-manh'])
    tags_v2: process:disease-control|action:root-irrigation|action:foliar-spray|disease:fungal-disease|product:forzate-20ec

#20 idx=53 sim=0.4376 tag_score=0 id=kenbast_15sl_b_r_ng_chunk_01 entity=product
    Q: Bò rừng có thành phần và công dụng chính là gì?
    reason: FAIL: none of must_tags matched (need one of ['mechanisms:xong-hoi-manh'])
    tags_v2: product:bo-rung|chemical:glufosinate-ammonium|pest:weeds|pest:weeds|action:herbicide-application|mechanisms:khong-chon-loc

#21 idx=1006 sim=0.4376 tag_score=0 id=disease_resistance_chunk_01__000472 entity=disease
    Q: Sử dụng giống kháng bệnh là biện pháp phòng trừ bệnh hiệu quả.
    reason: FAIL: none of must_tags matched (need one of ['mechanisms:xong-hoi-manh'])
    tags_v2: process:disease-prevention|action:use-resistant-varieties

#22 idx=1337 sim=0.4374 tag_score=0 id=Trinong entity=product
    Q: Trinong 50WP
    reason: FAIL: none of must_tags matched (need one of ['mechanisms:xong-hoi-manh'])
    tags_v2: product:trinong-50wp|chemical:prochloraz-manganese-complex|pest:fungal-disease|disease:blast|disease:leaf-spot|brand:bmc|brand:phuc-thinh

#23 idx=1377 sim=0.4369 tag_score=0 id=Dolping entity=product
    Q: Dolping 40EC TĂNG SINH trưởng
    reason: FAIL: none of must_tags matched (need one of ['mechanisms:xong-hoi-manh'])
    tags_v2: product:dolping-40ec|chemical:gibberellic-acid|pest:tang-sinh-truong|pest:bo-xit|crop:bap-cai|crop:ca-chua|brand:delta

#24 idx=1376 sim=0.4363 tag_score=0 id=ATOMIN entity=product
    Q: ATOMIN 15WP, BONGRA SAI 150
    reason: FAIL: none of must_tags matched (need one of ['mechanisms:xong-hoi-manh'])
    tags_v2: product:atomin|product:atomin-15wp|product:bong-ra-sai-150|chemical:Paclobutrazol|crop:lua|crop:peanut|crop:durian|brand:bmc|brand:phuc-thinh|brand:agrishop

#25 idx=574 sim=0.4356 tag_score=0 id=rose_blackspot_chunk_06 entity=disease
    Q: Khi nào cần sử dụng thuốc trừ nấm для bệnh đốm đen hoa hồng?
    reason: FAIL: none of must_tags matched (need one of ['mechanisms:xong-hoi-manh'])
    tags_v2: disease:black-spot-rose|crop:rose|action:apply|process:prevention

#26 idx=1293 sim=0.4349 tag_score=0 id=BINHTOX entity=product
    Q: BINHTOX 3.8EC GOLD
    reason: FAIL: none of must_tags matched (need one of ['mechanisms:xong-hoi-manh'])
    tags_v2: product:binhtox-3-8ec-gold|chemical:abamectin|pest:sau-to|pest:bo-nhay|brand:delta|mechanisms:tiep-xuc

#27 idx=609 sim=0.4344 tag_score=0 id=rose_canker_chunk_06 entity=disease
    Q: Vì sao thuốc trừ nấm không hiệu quả trong việc xử lý bệnh loét thân trên hoa hồng?
    reason: FAIL: none of must_tags matched (need one of ['mechanisms:xong-hoi-manh'])
    tags_v2: disease:loet-than-hoa-hong|action:cat-bo-canh-bi-loet|process:nhiem-nam-sau-mo-than

#28 idx=1340 sim=0.4339 tag_score=0 id=HoangANHVIL entity=product
    Q: HoangANHVIL 50SC
    reason: FAIL: none of must_tags matched (need one of ['mechanisms:xong-hoi-manh'])
    tags_v2: product:hoanganhvil-50sc|chemical:hexaconazole|disease:fungal-infections|crop:lua|brand:bmc|brand:phuc-thinh

#29 idx=463 sim=0.4334 tag_score=0 id=sau_hai_05_sung_34__000202 entity=product
    Q: Xử lý Sùng; bọ hà như thế nào?
    reason: FAIL: none of must_tags matched (need one of ['mechanisms:xong-hoi-manh'])
    tags_v2: process:pest-control|action:apply-chemical|crop:khoai-lang|pest:bo-ha|formula:cong-thuc-sung|formula:cong-thuc-bo-ha

#30 idx=707 sim=0.4331 tag_score=0 id=IC_Top_Co_Che_Tac_Dung_6 entity=procedure
    Q: Tại sao không nên sử dụng mãi một loại thuốc khử khuẩn có nguy cơ kháng thuốc cao?
    reason: FAIL: none of must_tags matched (need one of ['mechanisms:xong-hoi-manh'])
    tags_v2: process:drug-rotation|action:disinfection|object:disinfectant|process:resistance-management|action:combination-therapy

#31 idx=1288 sim=0.4323 tag_score=0 id=sha_chong_jing entity=product
    Q: SHA CHONG JING 95WP
    reason: FAIL: none of must_tags matched (need one of ['mechanisms:xong-hoi-manh'])
    tags_v2: product:sha-chong-jing-95wp|chemical:thiosultap-sodium|chemical:monosultap|pest:leaf-folder|pest:stem-borer|brand:agrishop

#32 idx=1386 sim=0.4312 tag_score=0 id=oc_ly_tieu_long entity=product
    Q: ỐC LÝ TIỂU LONG 18GR
    reason: FAIL: none of must_tags matched (need one of ['mechanisms:xong-hoi-manh'])
    tags_v2: product:oc-ly-tieu-long-18gr|chemical:metaldehyde|pest:oc-sen|pest:slug|crop:lua|brand:bmc|brand:phuc-thinh

#33 idx=95 sim=0.4306 tag_score=0 id=exami_20wg_l_ti_u_long_chunk_01 entity=product
    Q: Exami 20WG (Lý Tiểu Long) là thuốc bảo vệ thực vật có thành phần và công dụng như thế nào?
    reason: FAIL: none of must_tags matched (need one of ['mechanisms:xong-hoi-manh'])
    tags_v2: product:exami-20wg-ly-tieu-long|chemical:flonicamid|pest:whitefly|pest:aphid|pest:thrips|mechanisms:luu-dan-manh

#34 idx=454 sim=0.4305 tag_score=0 id=sau_hai_05_sau_cuon_la_25__000193 entity=product
    Q: Xử lý Sâu cuốn lá; sâu đục thân/ lúa - Rất hay kháng thuốc khi mật độ cao như thế nào?
    reason: FAIL: none of must_tags matched (need one of ['mechanisms:xong-hoi-manh'])
    tags_v2: process:fumigation|action:heat-treatment|object:steam|crop:lua|disease:stem-borer|pest:sau-duc-than|pest:sau-cuon-la|formula:cong-thuc-sau-cuon-la|formula:cong-thuc-sau-duc-than

#35 idx=1325 sim=0.4304 tag_score=0 id=Buti entity=product
    Q: Buti 43SC Anh Hùng Nhện
    reason: FAIL: none of must_tags matched (need one of ['mechanisms:xong-hoi-manh'])
    tags_v2: product:Buti-43sc-anh-hung-nhen|chemical:bifenazate|pest:nhen|pest:white-spider-mite|brand:delta

#36 idx=130 sim=0.4302 tag_score=0 id=buti_43sc_anh_h_ng_nh_n_chunk_02 entity=product
    Q: Hướng dẫn cách sử dụng và lưu ý khi dùng thuốc Buti 43SC (Anh Hùng Nhện) như thế nào?
    reason: FAIL: none of must_tags matched (need one of ['mechanisms:xong-hoi-manh'])
    tags_v2: product:buti-43sc|chemical:bifenazate|pest:nhen|crop:hoa-hong|crop:cam|crop:chanh

#37 idx=462 sim=0.4298 tag_score=0 id=sau_hai_05_sung_33__000201 entity=product
    Q: Xử lý Sùng; bọ hà như thế nào?
    reason: FAIL: none of must_tags matched (need one of ['mechanisms:xong-hoi-manh'])
    tags_v2: process:fumigation|action:watering|object:water|pest:bo-ha|formula:cong-thuc-sung|formula:cong-thuc-bo-ha

#38 idx=1307 sim=0.4297 tag_score=0 id=RECXONA entity=product
    Q: RECXONA 35WG, VUA TRĨ
    reason: FAIL: none of must_tags matched (need one of ['mechanisms:xong-hoi-manh'])
    tags_v2: product:recxona-350SC|product:vua-tri|product:nofara-350sc|chemical:thiamethoxam|pest:leaf-eating-insects|pest:sucking-insects|brand:delta

#39 idx=1347 sim=0.4287 tag_score=0 id=IC-TOP entity=product
    Q: IC-TOP 28.1SC BOÓCDOR
    reason: FAIL: none of must_tags matched (need one of ['mechanisms:xong-hoi-manh'])
    tags_v2: product:ic-top-28-1sc-boocdor|chemical:copper|chemical:lime|pest:bo-phan|pest:ray-mem|crop:rau|brand:bmc|pest:nut-than

#40 idx=993 sim=0.4286 tag_score=0 id=disease_management_chunk_07__000452 entity=disease
    Q: Thuốc trừ nấm được sử dụng như thế nào trong quản lý bệnh hại tổng hợp?
    reason: FAIL: none of must_tags matched (need one of ['mechanisms:xong-hoi-manh'])
    tags_v2: process:disease-control|process:integrated-pest-management|action:apply-fungicide

#41 idx=111 sim=0.4277 tag_score=0 id=binhtox_3_8ec_b_o_en_n_c_trong_n_c_c_chunk_01 entity=product
    Q: Thuốc BVTV Binhtox 3.8EC có thành phần và công dụng chính là gì?
    reason: FAIL: none of must_tags matched (need one of ['mechanisms:xong-hoi-manh'])
    tags_v2: product:binhtox-3-8ec|chemical:abamectin|crop:bap-cai|crop:dau-nanh|crop:pak-choi|mechanisms:tiep-xuc

#42 idx=1268 sim=0.4268 tag_score=0 id=vua_co_ngo entity=product
    Q: Vua Cỏ Ngô
    reason: FAIL: none of must_tags matched (need one of ['mechanisms:xong-hoi-manh'])
    tags_v2: product:vua-co-ngo|chemical:tembotrione|pest:weeds|crop:bap|brand:delta

#43 idx=448 sim=0.4254 tag_score=0 id=sau_hai_06_sau_hanh__000189 entity=product
    Q: Xử lý Sâu hành (rất kháng) như thế nào?
    reason: FAIL: none of must_tags matched (need one of ['mechanisms:xong-hoi-manh'])
    tags_v2: process:pest-control|mechanisms:tiep-xuc|pest:sau-hanh|formula:cong-thuc-sau-hanh|product:binhtox-gold|product:kajio-5ec|product:tomi|additive:chat-bam-dinh

#44 idx=668 sim=0.4248 tag_score=0 id=bd_formula2_chunk_01 entity=procedure
    Q: Vì sao vôi có vai trò quan trọng trong công thức dung dịch Bordeaux?
    reason: FAIL: none of must_tags matched (need one of ['mechanisms:xong-hoi-manh'])
    tags_v2: process:solution-preparation|action:combine|object:lime|object:coppe|chemical:lime

#45 idx=427 sim=0.4246 tag_score=0 id=c_chunk_01__000158 entity=product
    Q: Phác đồ phòng trừ ốc bao gồm những thuốc nào và cách sử dụng ra sao?
    reason: FAIL: none of must_tags matched (need one of ['mechanisms:xong-hoi-manh'])
    tags_v2: action:spraying|action:applying|pest:oc-sen|chemical:abamectin|product:abinsec

#46 idx=572 sim=0.4241 tag_score=0 id=rose_blackspot_chunk_04 entity=disease
    Q: Biện pháp canh tác nào giúp hạn chế bệnh đốm đen trên hoa hồng?
    reason: FAIL: none of must_tags matched (need one of ['mechanisms:xong-hoi-manh'])
    tags_v2: disease:dot-den-tren-hoa-hong|crop:hoa-hong|action:ve-sinh-tan-du-la-rung|action:tia-canh-tao-thong-thoang|action:tuoi-nuoc-hop-ly

#47 idx=129 sim=0.4241 tag_score=0 id=buti_43sc_anh_h_ng_nh_n_chunk_01 entity=product
    Q: Buti 43SC (Anh Hùng Nhện) là thuốc BVTV có thành phần gì và công dụng ra sao?
    reason: FAIL: none of must_tags matched (need one of ['mechanisms:xong-hoi-manh'])
    tags_v2: product:buti-43sc|chemical:bifenazate|pest:nhen|pest:white-spider-mite|crop:rose

#48 idx=446 sim=0.4240 tag_score=0 id=sau_hai_05_sau_to_18__000187 entity=product
    Q: Xử lý Sâu tơ như thế nào?
    reason: FAIL: none of must_tags matched (need one of ['mechanisms:xong-hoi-manh'])
    tags_v2: process:pest-control|action:apply-chemical|object:steam-fumigation|pest:sau-to|formula:cong-thuc-sau-to|product:binhtox-gold|product:oxatin

#49 idx=13 sim=0.4235 tag_score=0 id=quy_trinh_nuoi_trai_sau_rieng_06 entity=procedure
    Q: Giai đoạn trái sầu riêng từ 1,5kg đến trên 2,5kg cần bón phân và phun thuốc như thế nào?
    reason: FAIL: none of must_tags matched (need one of ['mechanisms:xong-hoi-manh'])
    tags_v2: crop:durian|chemical:kalibo|chemical:k2so4

#50 idx=1369 sim=0.4234 tag_score=0 id=NAKANO entity=product
    Q: NAKANO 50WP
    reason: FAIL: none of must_tags matched (need one of ['mechanisms:xong-hoi-manh'])
    tags_v2: product:nakano-50wp|chemical:dithianon|pest:ghe-seo|pest:suong-mai|pest:than-thu|brand:agrishop

#51 idx=1338 sim=0.4227 tag_score=0 id=BMC_SULFUR entity=product
    Q: BMC sulfur 80WG, Komulunx 80WG, SOCCARB 80WG
    reason: FAIL: none of must_tags matched (need one of ['mechanisms:xong-hoi-manh'])
    tags_v2: product:sulfur|product:bmc-sulfur-80wg|product:komulunx-80wg|product:soccarb-80wg|chemical:sulfur|brand:bmc|brand:phuc-thinh|brand:delta

#52 idx=720 sim=0.4224 tag_score=0 id=ic_use_chunk_02 entity=procedure
    Q: Vò trộn đúng kỹ thuật giúp IC Top bám dính lên cây trồng như thế nào?
    reason: FAIL: none of must_tags matched (need one of ['mechanisms:xong-hoi-manh'])
    tags_v2: process:mixing|action:activating|object:ic-top

#53 idx=236 sim=0.4222 tag_score=0 id=atomin_15wp_b_ngra_sai_chunk_02 entity=product
    Q: Atomin 15WP dùng cho những loại cây trồng nào và có tác dụng gì?
    reason: FAIL: none of must_tags matched (need one of ['mechanisms:xong-hoi-manh'])
    tags_v2: product:atomin-15wp|chemical:paclobutrazol|crop:xoai|crop:durian|crop:lua|crop:bap

#54 idx=445 sim=0.4208 tag_score=0 id=sau_hai_05_tri_16__000186 entity=product
    Q: Xử lý Trĩ - Rất hay kháng thuốc  như thế nào?
    reason: FAIL: none of must_tags matched (need one of ['mechanisms:xong-hoi-manh'])
    tags_v2: action:ket-hop|process:tru-toan-bo-trung|object:lekima|pest:bo-tri|formula:cong-thuc-bo-tri

#55 idx=1383 sim=0.4206 tag_score=0 id=bam_dinh_bmc entity=product
    Q: BÁM DÍNH BMC
    reason: FAIL: none of must_tags matched (need one of ['mechanisms:xong-hoi-manh'])
    tags_v2: product:bam-dinh-bmc|chemical:c10-alcohol-ethoxylate|action:bam-dinh|crop:lua

#56 idx=1356 sim=0.4184 tag_score=0 id=DOWNY entity=product
    Q: DOWNY 650WP, ĐÙM XPRO 650WP
    reason: FAIL: none of must_tags matched (need one of ['mechanisms:xong-hoi-manh'])
    tags_v2: product:downy|product:downy-650wp|product:dum-xpro-650wp|chemical:isoprothiolane|chemical:tricyclazole|disease:rice-blast|crop:lua|brand:bmc|brand:phuc-thinh|brand:agrishop

#57 idx=51 sim=0.4182 tag_score=0 id=kenbast_15sl_tr_u_v_ng_chunk_01 entity=product
    Q: Trâu Vàng có thành phần và công dụng chính là gì?
    reason: FAIL: none of must_tags matched (need one of ['mechanisms:xong-hoi-manh'])
    tags_v2: product:trau-vang|chemical:glufosinate-ammonium|pest:weeds|pest:co-la-rong|pest:narrowleaf-weed|mechanisms:khong-chon-loc

#58 idx=11 sim=0.4182 tag_score=0 id=quy_trinh_nuoi_trai_sau_rieng_04 entity=procedure
    Q: Đốt đọt sầu riêng trong giai đoạn nuôi trái thực hiện như thế nào và các tình huống xử lý?
    reason: FAIL: none of must_tags matched (need one of ['mechanisms:xong-hoi-manh'])
    tags_v2: crop:durian|chemical:ethephon|chemical:azol-450sc

#59 idx=179 sim=0.4174 tag_score=0 id=binhtox_3_8ec_gold_chunk_01 entity=product
    Q: Thuốc BVTV Binhtox 3.8EC Gold có thành phần và công dụng chính là gì?
    reason: FAIL: none of must_tags matched (need one of ['mechanisms:xong-hoi-manh'])
    tags_v2: product:binhtox-3-8ec-gold|chemical:abamectin|pest:sau-to|pest:sau-hanh|crop:bap-cai|mechanisms:tiep-xuc

#60 idx=876 sim=0.4170 tag_score=0 id=fungal_isolation_chunk_01__000243 entity=disease
    Q: Phương pháp phân lập nấm gây thối rễ, thân và lá có cần tuân thủ chính xác không?
    reason: FAIL: none of must_tags matched (need one of ['mechanisms:xong-hoi-manh'])
    tags_v2: disease:root-rot|disease:stem-rot|disease:leaf-rot|process:fungal-isolation|action:adjust-methods

#61 idx=369 sim=0.4158 tag_score=0 id=trinong_50wp_carbendazim_chunk_01 entity=product
    Q: Trinong 50WP là thuốc bảo vệ thực vật có thành phần và công dụng như thế nào?
    reason: FAIL: none of must_tags matched (need one of ['mechanisms:xong-hoi-manh'])
    tags_v2: product:trinong-50wp|chemical:prochloraz-manganesse-complex|disease:blast|disease:leaf-spot|disease:anthracnose|disease:powdery-mildew|disease:nhom-a|disease:nhom-b

#62 idx=1313 sim=0.4154 tag_score=0 id=EXAMI entity=product
    Q: EXAMI 20WG
    reason: FAIL: none of must_tags matched (need one of ['mechanisms:xong-hoi-manh'])
    tags_v2: product:exami-20wg|chemical:flonicamid|pest:bo-nhay|pest:nhen|crop:cay-an-qua|brand:delta|mechanisms:luu-dan-manh

#63 idx=54 sim=0.4152 tag_score=0 id=kenbast_15sl_b_r_ng_chunk_02 entity=product
    Q: Bò Rừng (Bò rừng) có đặc điểm nổi bật và cách sử dụng như thế nào?
    reason: FAIL: none of must_tags matched (need one of ['mechanisms:xong-hoi-manh'])
    tags_v2: product:bo-rung|chemical:glufosinate-ammonium|pest:weeds|pest:glyphosate-resistant-weeds|action:spraying|mechanisms:khong-chon-loc

#64 idx=984 sim=0.4150 tag_score=0 id=crop_mgmt_disease_chunk_06__000440 entity=disease
    Q: Chất hữu cơ phủ luống và bổ sung đạm Nitrat amôn có tác dụng gì trong phòng bệnh?
    reason: FAIL: none of must_tags matched (need one of ['mechanisms:xong-hoi-manh'])
    tags_v2: disease:root-knot-nematode|pest:meloidogyne-incognita|chemical:ammonium-nitrate|chemical:organic-matter|action:disease-prevention

#65 idx=442 sim=0.4135 tag_score=0 id=sau_hai_05_tri_13__000183 entity=product
    Q: Xử lý Trĩ - Rất hay kháng thuốc khi mật độ bình thường như thế nào?
    reason: FAIL: none of must_tags matched (need one of ['mechanisms:xong-hoi-manh'])
    tags_v2: process:pest-control|action:chemical-application|object:insecticide|pest:bo-tri|formula:cong-thuc-bo-tri|mechanisms:tiep-xuc-luu-dan

#66 idx=1375 sim=0.4132 tag_score=0 id=MATSCOT entity=product
    Q: MATSCOT 500SP, NEWTONGARD 75
    reason: FAIL: none of must_tags matched (need one of ['mechanisms:xong-hoi-manh'])
    tags_v2: product:matscot|product:matscot-500sp|product:newtongard-75|chemical:cyromazine|pest:leaf-miner|crop:rau|brand:agrishop|brand:delta

#67 idx=1331 sim=0.4128 tag_score=0 id=SCORTLAN entity=product
    Q: TRÙM NẤM BỆNH, GIÁO SƯ BỆNH 4.0, SCORTLAN 80WP - M45 ẤN
    reason: FAIL: none of must_tags matched (need one of ['mechanisms:xong-hoi-manh'])
    tags_v2: product:scortlan|product:trum-nam-benh|product:giao-su-benh-4.0|product:scrotlan-80wp-m45-an|chemical:thiram|pest:fungal-disease|action:fungicide-application|crop:peanut|brand:delta|pest:nut-than

#68 idx=1001 sim=0.4126 tag_score=0 id=clean_seed_chunk_03__000463 entity=disease
    Q: Tại sao không nên dùng thân rễ, rễ củ hoặc thân củ làm giống nếu có nguy cơ nhiễm bệnh?
    reason: FAIL: none of must_tags matched (need one of ['mechanisms:xong-hoi-manh'])
    tags_v2: disease:disease-transmission|crop:root-crops|process:disease-spread|action:avoid-infected-seed

#69 idx=1360 sim=0.4126 tag_score=0 id=KASUHAN entity=product
    Q: KASUHAN 4WP TRÙM KHUẨN
    reason: FAIL: none of must_tags matched (need one of ['mechanisms:xong-hoi-manh'])
    tags_v2: product:kasuhan-4wp|chemical:kasugamycin|disease:bacterial-blight|disease:powdery-mildew|brand:delta

#70 idx=141 sim=0.4124 tag_score=0 id=scortlan_80wp_tr_m_n_m_b_nh_m45_n_c_2_m_u_xanh_v_ng_chunk_01 entity=product
    Q: Sản phẩm Scortlan 80WP (Trùm Nấm bệnh M45Ấn) là thuốc bảo vệ thực vật như thế nào?
    reason: FAIL: none of must_tags matched (need one of ['mechanisms:xong-hoi-manh'])
    tags_v2: product:scortlan-80wp|chemical:thiram|disease:powdery-mildew|disease:gray-mold|disease:brown-rot|disease:nhom-a

#71 idx=351 sim=0.4118 tag_score=0 id=niko_72wp_m8_singapore_c_2_m_u_xanh_v_ng_chunk_01 entity=product
    Q: Thuốc BVTV Niko 72WP (m8-singapore) có thành phần và công dụng chính là gì?
    reason: FAIL: none of must_tags matched (need one of ['mechanisms:xong-hoi-manh'])
    tags_v2: product:niko-72wp|chemical:cymoxanil|chemical:mancozeb|disease:suong-mai|disease:than-thu|disease:nhom-o|pest:nut-than

#72 idx=717 sim=0.4116 tag_score=0 id=IC_Top_Tac_Dung_Lau_Ben_5 entity=procedure
    Q: Vì sao IC Top duy trì tác dụng khử khuẩn lâu hơn các thuốc gốc đồng thông thường?
    reason: FAIL: none of must_tags matched (need one of ['mechanisms:xong-hoi-manh'])
    tags_v2: process:disinfection|action:prolonging-effect|object:ic-top|process:surface-protection|chemical:copper

#73 idx=1330 sim=0.4114 tag_score=0 id=BYPHAN entity=product
    Q: BYPHAN 800WP
    reason: FAIL: none of must_tags matched (need one of ['mechanisms:xong-hoi-manh'])
    tags_v2: product:byphan-800wp|chemical:mancozeb|pest:fungal-disease|pest:moc-suong|brand:bmc|brand:phuc-thinh

#74 idx=991 sim=0.4110 tag_score=0 id=disease_management_chunk_05__000450 entity=disease
    Q: Xử lý hạt giống bằng thuốc trừ bệnh có tác dụng gì và cần lưu ý gì?
    reason: FAIL: none of must_tags matched (need one of ['mechanisms:xong-hoi-manh'])
    tags_v2: process:seed-treatment|chemical:disease-control-chemical|action:seed-coating|action:seed-mixing|disease:seed-borne-disease

#75 idx=447 sim=0.4106 tag_score=0 id=sau_hai_05_sau_to_19__000188 entity=product
    Q: Xử lý Sâu tơ như thế nào?
    reason: FAIL: none of must_tags matched (need one of ['mechanisms:xong-hoi-manh'])
    tags_v2: process:pest-control|action:apply-chemical|object:bacillus|pest:sau-to|formula:cong-thuc-sau-to|product:binhtox-gold|product:oxatin

#76 idx=988 sim=0.4103 tag_score=0 id=disease_management_chunk_02__000447 entity=disease
    Q: Giống kháng có vai trò gì trong việc kiểm soát bệnh hại cây trồng?
    reason: FAIL: none of must_tags matched (need one of ['mechanisms:xong-hoi-manh'])
    tags_v2: disease:disease-control|crop:resistant-variety|process:disease-management|action:reduce-pesticide-use|process:integrated-disease-management

#77 idx=590 sim=0.4095 tag_score=0 id=rose_anthra_chunk_05 entity=disease
    Q: Những biện pháp canh tác nào giúp hạn chế sự lây lan của bệnh thán thư?
    reason: FAIL: none of must_tags matched (need one of ['mechanisms:xong-hoi-manh'])
    tags_v2: disease:than-thu|action:plant-spacing|action:drip-irrigation|process:disease-prevention

#78 idx=1262 sim=0.4092 tag_score=0 id=Laoton entity=product
    Q: Laoton 108EC
    reason: FAIL: none of must_tags matched (need one of ['mechanisms:xong-hoi-manh'])
    tags_v2: product:lao-ton-108ec|pest:weeds|chemical:haloxyfop-p-methyl|crop:peanut|crop:khoai-mi|pest:co-duoi-phung|pest:co-man-trau

#79 idx=438 sim=0.4087 tag_score=0 id=sau_hai_05_rep_sap_10__000179 entity=product
    Q: Xử lý Rệp sáp; rệp vảy khi mật độ thường như thế nào?
    reason: FAIL: none of must_tags matched (need one of ['mechanisms:xong-hoi-manh'])
    tags_v2: process:fumigation|action:apply-insecticide|pest:rep-sap|pest:rep-vay|object:adhesive-agent|object:detergent|formula:cong-thuc-rep-sap|formula:cong-thuc-rep-vay

#80 idx=1281 sim=0.4085 tag_score=0 id=hoang_tu_sau entity=product
    Q: HOÀNG TỬ SÂU
    reason: FAIL: none of must_tags matched (need one of ['mechanisms:xong-hoi-manh'])
    tags_v2: product:igro-240sc-xpro|chemical:chlorfenapyr|pest:bo-canh-to|pest:ray-xanh|pest:nhen|brand:delta|mechanisms:tiep-xuc-luu-dan-manh

=== FINAL PICK STAGE ===
final_stage : STRICT
picked_count: 80
top_k       : 80
========================

QUERY      :
Bọ trĩ có sử dụng được công thức xông hơi mạnh + lưu dẫn không?

MUST TAGS  :
['mechanisms:luu-dan', 'mechanisms:xong-hoi', 'mechanisms:xong-hoi-manh']

ANY TAGS   :
['chemical:abamectin', 'chemical:acetamiprid', 'chemical:alpha-cypermethrin', 'chemical:avermectin-b1b', 'chemical:beta-cypermethrin', 'chemical:buprofezin', 'chemical:cartap-hydrochloride', 'chemical:chlorfenapyr', 'chemical:cypermethrin', 'chemical:diafenthiuron', 'chemical:dimethoate', 'chemical:dinotefuran', 'chemical:emamectin-benzoate', 'chemical:fenobucarb', 'chemical:flonicamid', 'chemical:imidacloprid', 'chemical:insecticide', 'chemical:monosultap', 'chemical:permethrin', 'chemical:phoxim', 'chemical:profenofos', 'chemical:pymetrozine', 'chemical:pyriproxyfen', 'chemical:spirotetramat', 'chemical:thiacloprid', 'chemical:thiamethoxam', 'chemical:thiosultap-sodium', 'chemical:tolfenpyrad', 'pest:bo-tri', 'weed:bo-tri']

gpt-4.1-mini

2026-01-23 11:22:39

=== PICKED 20 in stage STRICT ===

=== norm_query: Thuốc trừ sâu đục cành. ===

#01 idx=1301 sim=0.4609 tag_score=3 id=JAPASA entity=product
    Q: JAPASA 50EC
    reason: PASS: matched must_tags=['chemical:insecticide']
    tags_v2: product:japasa-50ec|chemical:fenobucarb|chemical:insecticide|pest:planthopper|pest:aphid|brand:agrishop

#02 idx=1370 sim=0.4149 tag_score=3 id=SANTOSO entity=product
    Q: SANTOSO 100SC CHIM SÂU
    reason: PASS: matched must_tags=['chemical:insecticide']
    tags_v2: chemical:alpha-cypermethrin|chemical:insecticide|product:santoso-100sc|pest:insect-pests|brand:bmc|brand:phuc-thinh|mechanisms:xong-hoi

#03 idx=846 sim=0.2895 tag_score=3 id=field_disease_survey_chunk_03__000183 entity=disease
    Q: Khi bước qua ruộng cây trồng cần quan sát những gì để phát hiện bệnh?
    reason: PASS: matched must_tags=['chemical:pesticides']
    tags_v2: pest:insect-vectors|pest:weeds|chemical:pesticides

#04 idx=452 sim=0.5305 tag_score=0 id=sau_hai_05_sau_cuon_la_23__000191 entity=product
    Q: Xử lý Sâu cuốn lá; sâu đục thân/ lúa - Rất hay kháng thuốc khi mật độ bình thường như thế nào?
    reason: FAIL: none of must_tags matched (need one of ['chemical:insecticide', 'chemical:pesticides'])
    tags_v2: process:pest-management|pest:sau-duc-than|pest:sau-cuon-la|formula:cong-thuc-sau-cuon-la|formula:cong-thuc-sau-duc-than|crop:lua|mechanisms:tiep-xuc-manh

#05 idx=1305 sim=0.5205 tag_score=0 id=trum_chich_hut entity=product
    Q: TRÙM CHÍCH HÚT - TRĨ
    reason: FAIL: none of must_tags matched (need one of ['chemical:insecticide', 'chemical:pesticides'])
    tags_v2: product:trum-chich-hut-tri|chemical:pymetrozine|pest:thrips|pest:aphids|crop:cay-an-qua|brand:delta

#06 idx=454 sim=0.5138 tag_score=0 id=sau_hai_05_sau_cuon_la_25__000193 entity=product
    Q: Xử lý Sâu cuốn lá; sâu đục thân/ lúa - Rất hay kháng thuốc khi mật độ cao như thế nào?
    reason: FAIL: none of must_tags matched (need one of ['chemical:insecticide', 'chemical:pesticides'])
    tags_v2: process:fumigation|action:heat-treatment|object:steam|crop:lua|disease:stem-borer|pest:sau-duc-than|pest:sau-cuon-la|formula:cong-thuc-sau-cuon-la|formula:cong-thuc-sau-duc-than

#07 idx=457 sim=0.5118 tag_score=0 id=sau_hai_05_sau_duc_qua_28__000196 entity=product
    Q: Xử lý Sâu đục thân, sâu đục quả/ cây ăn trái khi mật độ cao như thế nào?
    reason: FAIL: none of must_tags matched (need one of ['chemical:insecticide', 'chemical:pesticides'])
    tags_v2: process:insect-pests-control|action:contact-treatment|action:systemic-treatment|pest:sau-duc-than|pest:sau-cuon-la|formula:cong-thuc-sau-cuon-la|formula:cong-thuc-sau-duc-than

#08 idx=450 sim=0.5103 tag_score=0 id=sau_hai_05_sau_cuon_la_23__000189 entity=product
    Q: Xử lý Sâu cuốn lá; sâu đục thân/ lúa - Rất hay kháng thuốc khi mật độ bình thường như thế nào?
    reason: FAIL: none of must_tags matched (need one of ['chemical:insecticide', 'chemical:pesticides'])
    tags_v2: process:pest-control|action:chemical-application|pest:sau-duc-than|pest:sau-cuon-la|formula:cong-thuc-sau-cuon-la|formula:cong-thuc-sau-duc-than|object:oxatin|crop:lua

#09 idx=455 sim=0.5095 tag_score=0 id=sau_hai_05_sau_cuon_la_26__000194 entity=product
    Q: Xử lý Sâu cuốn lá; sâu đục thân/ lúa - Rất hay kháng thuốc  như thế nào?
    reason: FAIL: none of must_tags matched (need one of ['chemical:insecticide', 'chemical:pesticides'])
    tags_v2: process:pest-control|action:chemical-treatment|crop:lua|pest:sau-duc-than|pest:sau-cuon-la|formula:cong-thuc-sau-cuon-la|formula:cong-thuc-sau-duc-than

#10 idx=459 sim=0.5086 tag_score=0 id=sau_hai_05_sau_duc_qua_30__000198 entity=product
    Q: Xử lý Sâu đục thân, sâu đục quả/ cây ăn trái  như thế nào?
    reason: FAIL: none of must_tags matched (need one of ['chemical:insecticide', 'chemical:pesticides'])
    tags_v2: process:pesticide-application|disease:stem-borer|disease:fruit-borer|pest:sau-duc-than|pest:sau-cuon-la|formula:cong-thuc-sau-cuon-la|formula:cong-thuc-sau-duc-than|mechanisms:tiep-xuc-manh

#11 idx=448 sim=0.5078 tag_score=0 id=sau_hai_06_sau_hanh__000189 entity=product
    Q: Xử lý Sâu hành (rất kháng) như thế nào?
    reason: FAIL: none of must_tags matched (need one of ['chemical:insecticide', 'chemical:pesticides'])
    tags_v2: process:pest-control|mechanisms:tiep-xuc|pest:sau-hanh|formula:cong-thuc-sau-hanh|product:binhtox-gold|product:kajio-5ec|product:tomi|additive:chat-bam-dinh

#12 idx=451 sim=0.4987 tag_score=0 id=sau_hai_05_sau_cuon_la_23__000190 entity=product
    Q: Xử lý Sâu cuốn lá; sâu đục thân/ lúa - Rất hay kháng thuốc khi mật độ bình thường như thế nào?
    reason: FAIL: none of must_tags matched (need one of ['chemical:insecticide', 'chemical:pesticides'])
    tags_v2: process:pest-control|action:chemical-application|pest:sau-duc-than|pest:sau-cuon-la|formula:cong-thuc-sau-cuon-la|formula:cong-thuc-sau-duc-than|crop:lua|disease:leaf-folder|disease:stem-borer

#13 idx=453 sim=0.4984 tag_score=0 id=sau_hai_05_sau_cuon_la_24__000192 entity=product
    Q: Xử lý Sâu cuốn lá; sâu đục thân/ lúa - Rất hay kháng thuốc khi mật độ cao như thế nào?
    reason: FAIL: none of must_tags matched (need one of ['chemical:insecticide', 'chemical:pesticides'])
    tags_v2: process:seed-treatment|action:apply-granules|object:granules|crop:lua|pest:sau-duc-than|pest:sau-cuon-la|formula:cong-thuc-sau-cuon-la|formula:cong-thuc-sau-duc-than

#14 idx=458 sim=0.4981 tag_score=0 id=sau_hai_05_sau_duc_qua_29__000197 entity=product
    Q: Xử lý Sâu đục thân, sâu đục quả/ cây ăn trái khi mật độ cao như thế nào?
    reason: FAIL: none of must_tags matched (need one of ['chemical:insecticide', 'chemical:pesticides'])
    tags_v2: process:pest-control|action:spray|object:fruit-tree|process:systemic-absorption|pest:sau-duc-than|pest:sau-cuon-la|formula:cong-thuc-sau-cuon-la|formula:cong-thuc-sau-duc-than

#15 idx=1284 sim=0.4979 tag_score=0 id=sieu_diet_sau entity=product
    Q: Siêu diệt sâu
    reason: FAIL: none of must_tags matched (need one of ['chemical:insecticide', 'chemical:pesticides'])
    tags_v2: product:sieu-diet-sau|chemical:spirotetramat|chemical:tolfenpyrad|pest:leaf-folder|pest:thrips|brand:delta

#16 idx=1307 sim=0.4975 tag_score=0 id=RECXONA entity=product
    Q: RECXONA 35WG, VUA TRĨ
    reason: FAIL: none of must_tags matched (need one of ['chemical:insecticide', 'chemical:pesticides'])
    tags_v2: product:recxona-350SC|product:vua-tri|product:nofara-350sc|chemical:thiamethoxam|pest:leaf-eating-insects|pest:sucking-insects|brand:delta

#17 idx=1318 sim=0.4922 tag_score=0 id=SUPAREP entity=product
    Q: SUPAREP 22.4SC
    reason: FAIL: none of must_tags matched (need one of ['chemical:insecticide', 'chemical:pesticides'])
    tags_v2: product:suparep-22-4sc|chemical:spirotetramat|pest:aphid|pest:thrips|brand:bmc|brand:phuc-thinh|mechanisms:luu-dan

#18 idx=1288 sim=0.4891 tag_score=0 id=sha_chong_jing entity=product
    Q: SHA CHONG JING 95WP
    reason: FAIL: none of must_tags matched (need one of ['chemical:insecticide', 'chemical:pesticides'])
    tags_v2: product:sha-chong-jing-95wp|chemical:thiosultap-sodium|chemical:monosultap|pest:leaf-folder|pest:stem-borer|brand:agrishop

#19 idx=456 sim=0.4890 tag_score=0 id=sau_hai_05_sau_duc_qua_27__000195 entity=product
    Q: Xử lý Sâu đục thân, sâu đục quả/ cây ăn trái khi mật độ bình thường như thế nào?
    reason: FAIL: none of must_tags matched (need one of ['chemical:insecticide', 'chemical:pesticides'])
    tags_v2: process:insect-control|action:contact-application|action:systemic-application|object:fruit-trees|pest:sau-duc-than|pest:sau-cuon-la|formula:cong-thuc-sau-cuon-la|formula:cong-thuc-sau-duc-than

#20 idx=1317 sim=0.4849 tag_score=0 id=Ecudor entity=product
    Q: Ecudor 22.4SC
    reason: FAIL: none of must_tags matched (need one of ['chemical:insecticide', 'chemical:pesticides'])
    tags_v2: product:ecudor-22-4sc|chemical:spirotetramat|pest:aphids|pest:thrips|brand:delta

=== FINAL PICK STAGE ===
final_stage : STRICT
picked_count: 20
top_k       : 20
========================

=== PICKED 20 in stage STRICT ===

=== norm_query: sản phẩm có cơ chế chemical:cartap-hydrochloride ===

#01 idx=1276 sim=0.4375 tag_score=1 id=PANDA entity=product
    Q: PANDA 4GR, GÀ ĐÁ 4 GR
    reason: PASS: no must, matched any_tags=['chemical:cartap-hydrochloride']
    tags_v2: product:panda-4gr|chemical:cartap-hydrochloride|pest:stem-borer|pest:leaf-folder|brand:agrishop

#02 idx=207 sim=0.3980 tag_score=1 id=ledan_4gr_panda_4gr_t_i_chunk_01 entity=product
    Q: Sản phẩm Ledan 4GR (Panda 4GR - Túi đỏ) có thành phần và công dụng chính là gì?
    reason: PASS: no must, matched any_tags=['chemical:cartap-hydrochloride']
    tags_v2: product:ledan-4gr|chemical:cartap-hydrochloride|crop:lua|crop:mia

#03 idx=203 sim=0.3827 tag_score=1 id=ledan_95sp_padan_japan_t_i_chunk_01 entity=product
    Q: Thuốc BVTV Ledan 95SP (Padan Japan Túi đỏ) có thành phần và công dụng chính là gì?
    reason: PASS: no must, matched any_tags=['chemical:cartap-hydrochloride']
    tags_v2: chemical:cartap-hydrochloride|product:ledan-95sp|crop:lua|crop:mia|mechanisms:tiep-xuc

#04 idx=1298 sim=0.3791 tag_score=1 id=CYMKILL entity=product
    Q: CYMKILL 25EC
    reason: PASS: no must, matched any_tags=['chemical:cypermethrin']
    tags_v2: product:cymkill-25ec|chemical:cypermethrin|pest:borers|pest:thrips|pest:rep-sap|crop:cay-an-qua|brand:delta|mechanisms:xong-hoi

#05 idx=205 sim=0.3627 tag_score=1 id=ledan_95sp_panda_nh_t_t_i_tr_ng_chunk_01 entity=product
    Q: Thuốc BVTV Panda Nhật - (Túi trắng) có thành phần và công dụng chính là gì?
    reason: PASS: no must, matched any_tags=['chemical:cartap-hydrochloride']
    tags_v2: chemical:cartap-hydrochloride|product:ledan-95sp|crop:lua|crop:mia

#06 idx=1302 sim=0.3619 tag_score=1 id=BINHFOS_gr entity=product
    Q: VUA SÂU, VUA RỆP - SÂU - RẦY, ANH HÙNG SÂU, TRÙM SÂU
    reason: PASS: no must, matched any_tags=['chemical:profenofos']
    tags_v2: product:vua-sau|product:vua-rep-sau-ray|product:anh-hung-sau|product:trum-sau|product:binhfos-50ec|chemical:profenofos|pest:nhen|pest:bo-tri|mechanisms:xong-hoi-manh|pest:ray-nau|brand:delta

#07 idx=1296 sim=0.3596 tag_score=1 id=Somethrin entity=product
    Q: Somethrin 10EC
    reason: PASS: no must, matched any_tags=['chemical:cypermethrin']
    tags_v2: product:somethrin-10ec|chemical:cypermethrin|pest:insect|crop:cam|brand:bmc|brand:phuc-thinh|mechanisms:xong-hoi

#08 idx=1295 sim=0.3505 tag_score=1 id=Biperin entity=product
    Q: Biperin 100EC
    reason: PASS: no must, matched any_tags=['chemical:cypermethrin']
    tags_v2: product:biperin-100ec|chemical:cypermethrin|pest:insect-pests|brand:bmc|brand:phuc-thinh|mechanisms:xong-hoi

#09 idx=1306 sim=0.3430 tag_score=1 id=NOFARA entity=product
    Q: Recxona 350SC, VUA TRĨ NHÓM SẢN PHẨM NOFARA 350SC
    reason: PASS: no must, matched any_tags=['chemical:thiamethoxam']
    tags_v2: product:nofara-350sc|chemical:thiamethoxam|product:recxona-350SC|product:vua-tri|pest:leaf-eating-insects|pest:sucking-insects|crop:lua|brand:delta

#10 idx=1299 sim=0.3428 tag_score=1 id=FULLKILL entity=product
    Q: FULLKILL 50EC, Permethrin 500
    reason: PASS: no must, matched any_tags=['chemical:permethrin']
    tags_v2: product:fullkill-50ec|chemical:permethrin|pest:leaf-folder|pest:thrips|pest:rep-sap|crop:cay-an-qua|brand:delta|mechanisms:xong-hoi

#11 idx=323 sim=0.3376 tag_score=1 id=somethrin_10ec_cyper_10ec_chunk_01 entity=product
    Q: Somethrin 10EC (CYPER 10EC) là thuốc bảo vệ thực vật có đặc điểm và công dụng như thế nào?
    reason: PASS: no must, matched any_tags=['chemical:cypermethrin']
    tags_v2: product:somethrin-10ec|chemical:cypermethrin|pest:stem-borer|pest:leaf-folder|mechanisms:xong-hoi

#12 idx=1371 sim=0.3359 tag_score=1 id=TAMIKO entity=product
    Q: TAMIKO 50EC Tổ chim sâu
    reason: PASS: no must, matched any_tags=['chemical:permethrin']
    tags_v2: product:tamiko-50ec|chemical:permethrin|pest:stem-borer|pest:armyworm|brand:bmc|brand:phuc-thinh|mechanisms:xong-hoi

#13 idx=115 sim=0.3351 tag_score=1 id=nofara_35wg_rec_chunk_01 entity=product
    Q: Nofara 35WG (Recxona 35WG) là thuốc bảo vệ thực vật có thành phần và công dụng như thế nào?
    reason: PASS: no must, matched any_tags=['chemical:thiamethoxam']
    tags_v2: product:nofara-35wg|product:Recxona-35WG|chemical:thiamethoxam|pest:thrips|pest:ray-nau|mechanisms:luu-dan

#14 idx=321 sim=0.3315 tag_score=1 id=biperin_100ec_superotox_100ec_chunk_01 entity=product
    Q: Biperin 100EC (SUPEROTOX 100EC) là thuốc bảo vệ thực vật có đặc điểm gì?
    reason: PASS: no must, matched any_tags=['chemical:cypermethrin']
    tags_v2: product:biperin-100ec|chemical:cypermethrin|pest:stem-borer|pest:leaf-folder|pest:thrips|mechanisms:xong-hoi

#15 idx=1307 sim=0.3308 tag_score=1 id=RECXONA entity=product
    Q: RECXONA 35WG, VUA TRĨ
    reason: PASS: no must, matched any_tags=['chemical:thiamethoxam']
    tags_v2: product:recxona-350SC|product:vua-tri|product:nofara-350sc|chemical:thiamethoxam|pest:leaf-eating-insects|pest:sucking-insects|brand:delta

#16 idx=87 sim=0.3300 tag_score=1 id=binhfos_50ec_anh_h_ng_s_u_chunk_01 entity=product
    Q: Thuốc Binhfos 50EC (Anh Hùng Sâu) có thành phần và công dụng chính là gì?
    reason: PASS: no must, matched any_tags=['chemical:profenofos']
    tags_v2: product:binhfos-anh-hung-sau|chemical:profenofos|pest:leaf-eating-caterpillar|pest:thrips|pest:aphid|mechanisms:xong-hoi-manh

#17 idx=101 sim=0.3256 tag_score=1 id=cymkill_25ec_h_nh_con_i_b_ng_chunk_01 entity=product
    Q: Thuốc Cymkill 25EC có thành phần và công dụng chính là gì?
    reason: PASS: no must, matched any_tags=['chemical:cypermethrin']
    tags_v2: product:cymkill-25ec|chemical:cypermethrin|pest:leaf-folder|pest:rice-bug|pest:green-bug|mechanisms:xong-hoi

#18 idx=103 sim=0.3171 tag_score=1 id=fullkill_50ec_i_h_n_chunk_01 entity=product
    Q: Thuốc BVTV FullKill 50EC có thành phần và công dụng chính là gì?
    reason: PASS: no must, matched any_tags=['chemical:permethrin']
    tags_v2: product:fullkill-50ec|chemical:permethrin|pest:cotton-bollworm|pest:mealybug|mechanisms:xong-hoi

#19 idx=113 sim=0.3142 tag_score=1 id=nofara_35wg_vua_tr_chunk_01 entity=product
    Q: Nofara 35WG (Vua Trĩ) là thuốc bảo vệ thực vật có thành phần và công dụng như thế nào?
    reason: PASS: no must, matched any_tags=['chemical:thiamethoxam']
    tags_v2: product:nofara-35wg|chemical:thiamethoxam|pest:thrips|pest:ray-nau|mechanisms:luu-dan

#20 idx=116 sim=0.3130 tag_score=1 id=nofara_35wg_rec_chunk_02 entity=product
    Q: Sản phẩm Nofara 35WG (Recxona 35WG) có những lưu ý quan trọng khi sử dụng không?
    reason: PASS: no must, matched any_tags=['chemical:thiamethoxam']
    tags_v2: product:nofara-35wg|product:Recxona-35WG|chemical:thiamethoxam|action:application|process:pre-harvest-interval|crop:general-crops

=== FINAL PICK STAGE ===
final_stage : STRICT
picked_count: 20
top_k       : 20
========================

QUERY      :
Thuốc trừ sâu đục cành.

MUST TAGS  :
['chemical:insecticide', 'chemical:pesticides']

ANY TAGS   :
['chemical:cartap-hydrochloride', 'chemical:cypermethrin', 'chemical:permethrin', 'chemical:profenofos', 'chemical:thiamethoxam', 'pest:sau-duc-canh', 'weed:sau-duc-canh']

gpt-4.1-mini

2026-01-23 11:24:11

